barcode,classification_x,type,whitelist,classification_y,replicate
TATTAGAGAA,ercc1,misassociation,absent,,1
CAGTCATTAG,ercc1,misassociation,absent,,1
CCCTCTACTA,ercc1,misassociation,absent,,1
CGGACTTACT,ercc1,misassociation,absent,,1
TAATCGGAAA,ercc1,misassociation,absent,,1
AAGCTTATAA,ercc1,primer,whitelist,incorrect,1
CCGTGAAACG,ercc1,primer,whitelist,incorrect,1
ACTCGATCAC,ercc1,primer,absent,,1
GGCATTAAAA,ercc1,primer,whitelist,incorrect,1
GACTCCTGTT,ercc1,primer,absent,,1
AAACGGATAG,ercc1,primer,whitelist,incorrect,1
ATTTGAGAGC,ercc1,primer,absent,,1
GTACTAGTAG,ercc1,primer,absent,,1
AGCTACTCTC,ercc1,primer,whitelist,incorrect,1
TGTTATAACA,ercc1,primer,absent,,1
GAAACCCAGT,ercc1,primer,absent,,2
GACCTGCATA,ercc1,primer,whitelist,incorrect,2
AGGCCCGAAG,ercc1,primer,whitelist,incorrect,1
CTGACATATA,ercc1,primer,whitelist,incorrect,2
ACAATCTCGA,ercc1,primer,whitelist,incorrect,1
ATGGCTACTA,ercc1,primer,absent,,1
ATGGCTACTA,ercc1,primer,absent,,2
CTGTCCAGGC,ercc1,primer,whitelist,incorrect,1
CCGGTCTAAA,ercc1,primer,whitelist,incorrect,1
GAGTATTGCA,ercc1,primer,whitelist,incorrect,1
AAAAGACCAA,ercc1,primer,whitelist,incorrect,2
AGATCACTTA,ercc1,primer,whitelist,incorrect,1
AGCAATTGAT,ercc1,primer,whitelist,incorrect,1
AGTGTTGATA,ercc1,primer,whitelist,incorrect,1
ATCAATACCT,ercc1,primer,absent,,2
ATTAACAGTA,ercc1,primer,whitelist,incorrect,1
ATTTCCCACA,ercc1,primer,whitelist,incorrect,1
CAAAAATCTC,ercc1,primer,whitelist,incorrect,1
CAAATGCCGT,ercc1,primer,whitelist,rad1neg,1
CAAATGCCGT,ercc1,primer,whitelist,rad1neg,2
CAATACGGAC,ercc1,primer,whitelist,incorrect,1
CAGTGGAATA,ercc1,primer,absent,,2
CAGTGTTTAA,ercc1,primer,absent,,1
CCACGACTAT,ercc1,primer,whitelist,incorrect,1
CCGGTTTGTG,ercc1,primer,whitelist,incorrect,1
CCTAGCATGA,ercc1,primer,whitelist,incorrect,1
CGGCGAGTCA,ercc1,primer,absent,,1
GACAACCCAA,ercc1,primer,whitelist,incorrect,2
GAGATCTGCT,ercc1,primer,whitelist,incorrect,2
GAGATCTGGA,ercc1,primer,whitelist,incorrect,2
GATCTTAGAG,ercc1,primer,whitelist,incorrect,2
GCAAAAACGC,ercc1,primer,absent,,1
GCACACAGCC,ercc1,primer,whitelist,incorrect,1
GCTCATATTC,ercc1,primer,whitelist,incorrect,2
TAAAGCCCCG,ercc1,primer,absent,,1
TAGCGACGCT,ercc1,primer,whitelist,incorrect,1
TATTAATTAA,ercc1,primer,whitelist,incorrect,1
TGCACCATAA,ercc1,primer,whitelist,incorrect,1
TTATCTTTGT,ercc1,primer,whitelist,xpa,1
TTATCTTTGT,ercc1,primer,whitelist,xpa,2
TTCTAATAAC,ercc1,primer,whitelist,incorrect,1
TTTTGCCGTT,ercc1,primer,whitelist,incorrect,1
AAAGGCTGCC,ercc1,primer,whitelist,incorrect,1
ACATACGGGA,ercc1,primer,whitelist,incorrect,2
AGCCTAGGAA,ercc1,primer,whitelist,incorrect,2
ATTTATCAAA,ercc1,primer,whitelist,incorrect,1
CATTCCCGCC,ercc1,primer,absent,,1
CCCCTCATCT,ercc1,primer,whitelist,incorrect,2
CCCCTGACTT,ercc1,primer,whitelist,incorrect,1
CGATTAACTG,ercc1,primer,whitelist,incorrect,1
GCGGCTACAA,ercc1,primer,absent,,1
GTTGATTGTA,ercc1,primer,whitelist,incorrect,1
TACGGGTTTG,ercc1,primer,absent,,1
TCAAAATCTG,ercc1,primer,whitelist,incorrect,1
TCATACGCTC,ercc1,primer,whitelist,incorrect,1
TCCACTGTAC,ercc1,primer,whitelist,incorrect,1
TGACGAACAT,ercc1,primer,whitelist,incorrect,2
TTATCTGATA,ercc1,primer,whitelist,incorrect,1
TTATGCTCCT,ercc1,primer,absent,,1
AATCAAAAAT,ercc1,primer,whitelist,incorrect,2
ACATACGCGT,ercc1,primer,whitelist,incorrect,1
ACGGTCAAGA,ercc1,primer,whitelist,incorrect,2
AGCATGACCG,ercc1,primer,whitelist,incorrect,1
ATGACTCCTG,ercc1,primer,whitelist,incorrect,1
ATTCCCTGAG,ercc1,primer,absent,,1
CATTGGATTT,ercc1,primer,whitelist,incorrect,1
CCCCCTCTTC,ercc1,primer,whitelist,incorrect,1
CCCCTAACGT,ercc1,primer,whitelist,incorrect,2
CCCGTGAAGA,ercc1,primer,whitelist,incorrect,1
CCGGACGTTC,ercc1,primer,whitelist,incorrect,1
CCGGATAACT,ercc1,primer,whitelist,incorrect,1
CCGTAGACAT,ercc1,primer,whitelist,incorrect,1
CGAATCGGCA,ercc1,primer,whitelist,incorrect,1
GCCCTCAGAA,ercc1,primer,whitelist,incorrect,1
GCGAGTCGGG,ercc1,primer,whitelist,incorrect,1
GCGCTGCTAA,ercc1,primer,absent,,2
GCTATCCTGT,ercc1,primer,whitelist,incorrect,1
GTAATCGCCC,ercc1,primer,absent,,2
GTACTCACAT,ercc1,primer,whitelist,incorrect,1
TCTTACGATG,ercc1,primer,whitelist,incorrect,2
TGGAATTTAG,ercc1,primer,whitelist,incorrect,2
TGTCACAATT,ercc1,primer,whitelist,incorrect,1
TTACCCTCGC,ercc1,primer,whitelist,incorrect,1
TTACCCTCGC,ercc1,primer,whitelist,incorrect,2
TTAGTGAATA,ercc1,primer,whitelist,incorrect,1
ATCTCGTGAG,ercc1,primer,absent,,1
CCAAAAACGC,ercc1,primer,whitelist,incorrect,2
GATAGCAATA,ercc1,primer,whitelist,incorrect,2
GGAATGCCCC,ercc1,primer,whitelist,incorrect,1
GTCGTTGTAT,ercc1,primer,whitelist,incorrect,1
TGGCGAACGA,ercc1,primer,whitelist,incorrect,2
TTTGTTTTTG,ercc1,primer,whitelist,incorrect,1
ATCGTGCTCC,ercc1,primer,whitelist,incorrect,2
CAAGAGATTC,ercc1,primer,absent,,1
CACCCCCTGA,ercc1,primer,whitelist,incorrect,2
TCCTTAACAA,ercc1,primer,whitelist,incorrect,1
AGCAAACTCA,ercc1,primer,whitelist,incorrect,2
CCTATCACCT,ercc1,primer,whitelist,incorrect,2
CGGAGCGATC,ercc1,primer,whitelist,incorrect,1
CTTGCAACCA,ercc1,primer,whitelist,incorrect,1
TGACCTGTAG,ercc1,primer,whitelist,incorrect,1
TGACCTGTAG,ercc1,primer,whitelist,incorrect,2
AGGATGCCCC,ercc1,primer,whitelist,incorrect,2
ATCAATTATG,ercc1,primer,whitelist,incorrect,1
CCCGTTTATA,ercc1,primer,whitelist,incorrect,1
GTCTAAGTTG,ercc1,primer,whitelist,incorrect,1
CATAAACCAG,ercc1,primer,whitelist,incorrect,1
GTGGGCTTTA,ercc1,primer,whitelist,incorrect,1
TACAACTTGG,ercc1,primer,whitelist,incorrect,1
ACTCATCGCT,ercc1,primer,whitelist,incorrect,1
CTCTAATTAC,ercc1,primer,whitelist,incorrect,1
GCACTCAACC,ercc1,primer,whitelist,incorrect,2
GCGTGATTAC,ercc1,primer,whitelist,incorrect,2
AATGTCTGCC,ercc1,primer,whitelist,incorrect,1
GTGAAAAAGC,ercc1,primer,absent,,1
GATATAGACA,ercc4,primer,whitelist,incorrect,1
AAATAATACA,ercc4,primer,whitelist,incorrect,1
AAATAATACA,ercc4,primer,whitelist,incorrect,2
AACCACTCCT,ercc4,primer,whitelist,incorrect,1
AACTACCTTG,ercc4,primer,whitelist,incorrect,1
AACTGAATGG,ercc4,primer,whitelist,incorrect,1
AACTGGAAAG,ercc4,primer,whitelist,incorrect,1
AAGTGTCTCT,ercc4,primer,whitelist,incorrect,1
AATAACTAGA,ercc4,primer,whitelist,incorrect,1
AATAACTAGA,ercc4,primer,whitelist,incorrect,2
ACAATATTTG,ercc4,primer,whitelist,ercc1,1
ACATAAACGC,ercc4,primer,whitelist,incorrect,1
ACATAAACGC,ercc4,primer,whitelist,incorrect,2
ACATCAGAAG,ercc4,primer,whitelist,incorrect,1
ACCGAACTCC,ercc4,primer,whitelist,incorrect,1
ACTCGCACAA,ercc4,primer,absent,,2
AGACAAAGAT,ercc4,primer,whitelist,incorrect,1
AGACACGAAA,ercc4,primer,absent,,1
AGATTATAAA,ercc4,primer,absent,,2
AGGCTAAAAG,ercc4,primer,absent,,1
AGTGAACCTG,ercc4,primer,whitelist,incorrect,1
AGTGAGCTGT,ercc4,primer,whitelist,incorrect,1
ATAAACATAC,ercc4,primer,whitelist,incorrect,1
ATAAACATAC,ercc4,primer,whitelist,incorrect,2
ATAAATGACA,ercc4,primer,whitelist,incorrect,1
ATAGCGGAAC,ercc4,primer,whitelist,incorrect,1
ATATCAACTA,ercc4,primer,absent,,1
ATATTCGTTT,ercc4,primer,whitelist,incorrect,1
ATCCGCCGTC,ercc4,primer,whitelist,incorrect,1
ATGACATCGT,ercc4,primer,whitelist,incorrect,1
ATGATCCTTA,ercc4,primer,whitelist,incorrect,1
ATGATCTTCT,ercc4,primer,whitelist,incorrect,1
ATGCATGCAG,ercc4,primer,whitelist,incorrect,1
ATTCTGACAT,ercc4,primer,whitelist,incorrect,1
CAAACATATA,ercc4,primer,absent,,2
CAAATCCCTC,ercc4,primer,whitelist,incorrect,1
CAACCGGACG,ercc4,primer,whitelist,incorrect,2
CAAGTGTTCG,ercc4,primer,whitelist,incorrect,2
CAATGAGAGC,ercc4,primer,whitelist,incorrect,1
CAGTAAATCA,ercc4,primer,whitelist,incorrect,1
CAGTAAATCA,ercc4,primer,whitelist,incorrect,2
CATGAAGTAG,ercc4,primer,whitelist,incorrect,1
CCAATCCAAT,ercc4,primer,whitelist,incorrect,1
CCAATCCAAT,ercc4,primer,whitelist,incorrect,2
CCCAGTACAA,ercc4,primer,whitelist,incorrect,1
CCTACAGCGA,ercc4,primer,whitelist,incorrect,1
CGACAGCGAC,ercc4,primer,absent,,1
CGATAATACG,ercc4,primer,whitelist,incorrect,1
CGATAATACG,ercc4,primer,whitelist,incorrect,2
CGATGTCGCG,ercc4,primer,whitelist,incorrect,1
CGCAGATTCC,ercc4,primer,whitelist,incorrect,1
CGTTTAGACG,ercc4,primer,whitelist,incorrect,1
CTAGTCTGTA,ercc4,primer,whitelist,incorrect,2
CTATAGATGT,ercc4,primer,whitelist,incorrect,2
CTCATCAATA,ercc4,primer,whitelist,incorrect,1
CTTACCCTCG,ercc4,primer,absent,,1
CTTCGTATTA,ercc4,primer,whitelist,incorrect,1
GAAAGTAAGA,ercc4,primer,whitelist,incorrect,1
GAATGAGCCC,ercc4,primer,whitelist,incorrect,1
GACCCACACA,ercc4,primer,whitelist,incorrect,1
GACCCGCCAA,ercc4,primer,whitelist,incorrect,1
GAGCACTCGT,ercc4,primer,whitelist,incorrect,1
GAGTATAGCC,ercc4,primer,whitelist,incorrect,2
GATAAGGAGT,ercc4,primer,absent,,1
GCATAAATTC,ercc4,primer,whitelist,incorrect,1
GCCAGTACAC,ercc4,primer,whitelist,incorrect,1
GCCCGGACCT,ercc4,primer,whitelist,incorrect,1
GGAAGGTGCG,ercc4,primer,whitelist,incorrect,1
GGAGCAACGC,ercc4,primer,whitelist,incorrect,1
GTATAAAACG,ercc4,primer,absent,,1
GTCCTTGAGG,ercc4,primer,absent,,1
GTGAGCTGAC,ercc4,primer,whitelist,incorrect,1
GTGCCTATAG,ercc4,primer,whitelist,incorrect,1
TACCCAAACT,ercc4,primer,whitelist,incorrect,1
TACGGAGCTA,ercc4,primer,whitelist,incorrect,1
TACGGCTTAC,ercc4,primer,whitelist,incorrect,1
TAGGCCCTAA,ercc4,primer,whitelist,incorrect,1
TATGTAGGTT,ercc4,primer,absent,,2
TCAAGTGTGT,ercc4,primer,whitelist,incorrect,1
TCACCTAAAT,ercc4,primer,whitelist,incorrect,1
TCAGTTTAGA,ercc4,primer,whitelist,incorrect,1
TCAGTTTAGA,ercc4,primer,whitelist,incorrect,2
TCATAACATT,ercc4,primer,whitelist,incorrect,1
TCATAACATT,ercc4,primer,whitelist,incorrect,2
TCCAATATTG,ercc4,primer,whitelist,incorrect,2
TCCACATCAA,ercc4,primer,whitelist,incorrect,1
TCCCTGGCCA,ercc4,primer,whitelist,incorrect,1
TCGAACAAAC,ercc4,primer,whitelist,incorrect,1
TGAGTAAATA,ercc4,primer,whitelist,incorrect,2
TTAAACGTTT,ercc4,primer,whitelist,incorrect,1
TTACAAGCCC,ercc4,primer,whitelist,incorrect,1
TTATAATTAT,ercc4,primer,whitelist,incorrect,1
TTATGGGAAT,ercc4,primer,whitelist,incorrect,1
TTTGCGACTT,ercc4,primer,whitelist,incorrect,1
ACAGTGTATC,ercc4,primer,whitelist,incorrect,1
ATACTTTTTC,ercc4,primer,absent,,1
CAAAAAAACT,ercc4,primer,whitelist,ercc1,1
GAGAGACCCG,ercc4,primer,whitelist,incorrect,1
GAAATAAAGG,rad14,primer,whitelist,incorrect,2
TAGGTGCTCA,rad14,primer,whitelist,incorrect,2
TGCTCTATAT,rad14,primer,whitelist,incorrect,2
GTAGGGCGTG,rad14,primer,whitelist,incorrect,1
GTAGGGCGTG,rad14,primer,whitelist,incorrect,2
TATAGGGTTA,rad14,primer,whitelist,incorrect,1
TTCGTATCGA,rad14,primer,whitelist,incorrect,2
GCGTCGATTT,rad14,primer,whitelist,incorrect,1
GCGTCGATTT,rad14,primer,whitelist,incorrect,2
TATTTTATCT,rad14,primer,whitelist,incorrect,2
AAATCTAAAT,rad14,primer,whitelist,incorrect,2
AAGGATGTTA,rad14,primer,whitelist,incorrect,2
AATCTTAGAC,rad14,primer,whitelist,incorrect,2
AGTAACCATA,rad14,primer,whitelist,incorrect,2
ATAGCATCAG,rad14,primer,whitelist,incorrect,2
AAATTATGTG,rad14,primer,absent,,1
AAATTATGTG,rad14,primer,absent,,2
ACATATATTA,rad14,primer,whitelist,incorrect,2
CCGGACATTG,rad14,primer,whitelist,incorrect,2
TAATACTACA,rad14,primer,whitelist,incorrect,2
TTTATCTGAA,rad14,primer,whitelist,incorrect,2
AAAGTTTGGT,rad14,primer,absent,,1
AATATTTTCA,rad14,primer,whitelist,incorrect,1
AATTATTGGT,rad14,primer,whitelist,incorrect,1
AGCGTGAATT,rad14,primer,whitelist,incorrect,1
ATCGAATAAG,rad14,primer,absent,,1
ATGCTGTCTG,rad14,primer,whitelist,incorrect,1
ATGTTTCTGG,rad14,primer,whitelist,incorrect,1
ATTTACATTA,rad14,primer,whitelist,incorrect,1
ATTTACATTA,rad14,primer,whitelist,incorrect,2
CAAAGTTTAC,rad14,primer,whitelist,incorrect,1
CAGGGTATTG,rad14,primer,whitelist,incorrect,1
CATATTAATC,rad14,primer,whitelist,incorrect,1
CGATGTAGAT,rad14,primer,whitelist,rad1,1
GAATTCTTCT,rad14,primer,whitelist,incorrect,1
GACTAACCTA,rad14,primer,absent,,1
GACTAACCTA,rad14,primer,absent,,2
GCGAGAACTT,rad14,primer,absent,,1
GGAGAATGCC,rad14,primer,whitelist,incorrect,1
GGTGACGTAA,rad14,primer,whitelist,incorrect,1
GTCAATAAGT,rad14,primer,whitelist,incorrect,1
GTTTAATTAC,rad14,primer,whitelist,incorrect,1
TAAACTATTG,rad14,primer,absent,,1
TACAAAAATT,rad14,primer,absent,,1
TACAAAAATT,rad14,primer,absent,,2
TACATAGTAC,rad14,primer,whitelist,incorrect,1
TAGAGACGTT,rad14,primer,whitelist,incorrect,1
TAGCCTATTT,rad14,primer,whitelist,incorrect,1
TCTCTAGATA,rad14,primer,whitelist,incorrect,1
TGGTTTATTG,rad14,primer,whitelist,incorrect,1
TTGTGATGTC,rad14,primer,whitelist,incorrect,1
TTTATTGTCC,rad14,primer,whitelist,incorrect,1
TTTGAATGAT,rad14,primer,whitelist,rad10,1
TTTGAATGAT,rad14,primer,whitelist,rad10,2
AAAAACATAT,rad14,primer,whitelist,incorrect,1
AAGATGTTGA,rad14,primer,whitelist,incorrect,1
AAGGTAAAAA,rad14,primer,whitelist,incorrect,1
AATGCACTCC,rad14,primer,whitelist,incorrect,1
AATTGGTTAA,rad14,primer,whitelist,incorrect,1
ACAGATGATT,rad14,primer,whitelist,incorrect,1
ACTCTTTCCA,rad14,primer,whitelist,incorrect,1
AGATCTTAAT,rad14,primer,whitelist,incorrect,1
AGGTTATCAT,rad14,primer,whitelist,incorrect,1
ATACGGTTAT,rad14,primer,whitelist,incorrect,1
ATACTACGCA,rad14,primer,whitelist,incorrect,1
ATGAAAAACG,rad14,primer,whitelist,incorrect,1
ATGATTTTGC,rad14,primer,whitelist,rad14neg,1
ATGATTTTGC,rad14,primer,whitelist,rad14neg,2
ATGTGAAGGT,rad14,primer,whitelist,incorrect,1
CTCTAAAGAC,rad14,primer,whitelist,incorrect,1
GATTATTTTT,rad14,primer,whitelist,xpa,1
GATTATTTTT,rad14,primer,whitelist,xpa,2
GATTCGTTAT,rad14,primer,whitelist,incorrect,1
GCCGAGACAT,rad14,primer,whitelist,incorrect,1
GGGGCTAATG,rad14,primer,whitelist,incorrect,1
GGTATGGAAG,rad14,primer,whitelist,incorrect,1
GGTGTAGGCT,rad14,primer,absent,,1
GTGCGTTGAT,rad14,primer,whitelist,incorrect,1
TATGGATCTG,rad14,primer,whitelist,incorrect,1
TCCGAAAATG,rad14,primer,whitelist,incorrect,1
TCGTATGATT,rad14,primer,whitelist,incorrect,1
TGTAGTAATG,rad14,primer,whitelist,incorrect,1
TTCTGATATT,rad14,primer,whitelist,ercc1,1
TTCTGATATT,rad14,primer,whitelist,ercc1,2
TTTCATGTAA,rad14,primer,absent,,1
TTTGTTTAGG,rad14,primer,absent,,1
TGCGTCAATT,rad14,primer,whitelist,incorrect,1
TGCGTCAATT,rad14,primer,whitelist,incorrect,2
AACATTATTT,rad14,primer,whitelist,incorrect,1
AAGGGTTTAC,rad14,primer,whitelist,incorrect,1
AAGGGTTTAC,rad14,primer,whitelist,incorrect,2
AATTAAAGCC,rad14,primer,whitelist,incorrect,1
AATTAAAGCC,rad14,primer,whitelist,incorrect,2
AATTGAAAGG,rad14,primer,whitelist,incorrect,1
AGCACCTTGA,rad14,primer,whitelist,incorrect,1
AGCAGAATTA,rad14,primer,whitelist,incorrect,1
AGGCTTAAAG,rad14,primer,whitelist,incorrect,1
AGGGATAAGA,rad14,primer,whitelist,incorrect,1
AGTAGTCAAG,rad14,primer,whitelist,incorrect,1
AGTATCAAGT,rad14,primer,whitelist,incorrect,1
ATAGAGTACA,rad14,primer,whitelist,incorrect,1
ATATACAATG,rad14,primer,whitelist,incorrect,1
ATATTGTAGA,rad14,primer,whitelist,rad14neg,1
ATGTAGACAG,rad14,primer,whitelist,incorrect,1
ATTAAGATGG,rad14,primer,whitelist,incorrect,1
ATTTATCAAT,rad14,primer,whitelist,incorrect,1
ATTTCCATCA,rad14,primer,whitelist,incorrect,1
ATTTGATTTC,rad14,primer,whitelist,incorrect,1
CAGATAATCA,rad14,primer,whitelist,incorrect,1
CAGCGATCAA,rad14,primer,whitelist,incorrect,1
CCACATCAGT,rad14,primer,whitelist,incorrect,1
CGAGGACCGG,rad14,primer,whitelist,incorrect,1
CGTTCTTTAC,rad14,primer,whitelist,incorrect,1
CTACAGTTGT,rad14,primer,whitelist,incorrect,1
CTACCGAATG,rad14,primer,whitelist,incorrect,1
CTACCGAATG,rad14,primer,whitelist,incorrect,2
CTGTTATCCA,rad14,primer,whitelist,incorrect,1
CTTCGGGGAA,rad14,primer,whitelist,incorrect,1
GAAAAACACA,rad14,primer,whitelist,incorrect,1
GAAAAGCGAG,rad14,primer,whitelist,incorrect,1
GAACTAAAAG,rad14,primer,whitelist,incorrect,1
GATTTACGCC,rad14,primer,whitelist,incorrect,1
GATTTACGCC,rad14,primer,whitelist,incorrect,2
GATTTACTCA,rad14,primer,whitelist,incorrect,1
GCATTTTGTA,rad14,primer,whitelist,incorrect,1
GCTCCATAAT,rad14,primer,whitelist,incorrect,1
GTCTATACGT,rad14,primer,whitelist,incorrect,1
GTGTGGAAAC,rad14,primer,whitelist,incorrect,1
GTTAAAGTCC,rad14,primer,whitelist,incorrect,1
GTTTAAAATG,rad14,primer,whitelist,incorrect,1
GTTTTAAAAT,rad14,primer,whitelist,incorrect,1
TAAAACGTTG,rad14,primer,whitelist,incorrect,1
TAAGAAATGT,rad14,primer,whitelist,incorrect,1
TAAGAAATGT,rad14,primer,whitelist,incorrect,2
TAAGTACTTA,rad14,primer,whitelist,incorrect,1
TAAGTACTTA,rad14,primer,whitelist,incorrect,2
TACAAAAAAT,rad14,primer,absent,,1
TACAAAAAAT,rad14,primer,absent,,2
TACTTTTATC,rad14,primer,whitelist,incorrect,1
TAGACGCTGT,rad14,primer,whitelist,incorrect,1
TAGCCCATCT,rad14,primer,whitelist,incorrect,1
TATTCTGCCT,rad14,primer,whitelist,incorrect,1
TATTGGTATT,rad14,primer,whitelist,incorrect,1
TCCAGAGGAG,rad14,primer,whitelist,incorrect,1
TCCGTAAAGA,rad14,primer,whitelist,incorrect,1
TCTACGTGTA,rad14,primer,whitelist,incorrect,1
TTAGTATACG,rad14,primer,whitelist,incorrect,1
TTATGGATGA,rad14,primer,whitelist,incorrect,1
TTCAAAAAAG,rad14,primer,whitelist,incorrect,1
TTCAAAAGAT,rad14,primer,whitelist,incorrect,1
TTCGGGTTTG,rad14,primer,whitelist,incorrect,1
TTCTGTAATA,rad14,primer,whitelist,incorrect,1
ATTCGTAATT,rad14,primer,whitelist,incorrect,1
GTATGGGAAT,rad14,primer,whitelist,incorrect,1
ATAATTAGAT,rad14,primer,whitelist,ercc4,1
ATAATTAGAT,rad14,primer,whitelist,ercc4,2
AAAAACTGGC,xpa,snp,absent,,1
ACAATTTAAA,xpa,snp,whitelist,xpa,1
AGTCAATCAG,xpa,snp,absent,,2
GAGTCTAATA,xpa,snp,absent,,2
TGTTCATAGG,xpa,snp,absent,,1
TTTATTTACT,xpa,snp,absent,,1
CTTAATATTT,xpa,snp,absent,,1
CTAAATCTCA,xpa,primer,whitelist,incorrect,2
AGAAGTTACA,xpa,primer,whitelist,incorrect,1
AATCAATTAC,xpa,primer,absent,,1
AATCAATTAC,xpa,primer,absent,,2
GATAGGATCA,xpa,primer,whitelist,incorrect,2
GTTCTAGTGT,xpa,primer,whitelist,incorrect,2
TAACTTAACT,xpa,primer,whitelist,incorrect,2
TGAAGCTATT,xpa,primer,whitelist,incorrect,2
TGTACAAGGG,xpa,primer,whitelist,incorrect,1
TGTACAAGGG,xpa,primer,whitelist,incorrect,2
TTACCAAGTG,xpa,primer,whitelist,incorrect,2
TTAGTATGTG,xpa,primer,whitelist,incorrect,2
TTTCGATTGA,xpa,primer,whitelist,incorrect,2
CGCAACCCTC,xpa,primer,whitelist,incorrect,2
GGTTAAACAT,xpa,primer,whitelist,incorrect,2
AACAATCGAC,xpa,primer,whitelist,incorrect,2
ACTACCTACT,xpa,primer,whitelist,incorrect,2
AGTTAAGATA,xpa,primer,whitelist,incorrect,2
ATATGTCTCA,xpa,primer,whitelist,incorrect,2
ATCGTGGTCT,xpa,primer,absent,,2
ATTTGAGTTT,xpa,primer,whitelist,incorrect,2
CAGTAGTAAT,xpa,primer,whitelist,incorrect,2
CTATTAGGAA,xpa,primer,whitelist,rad14,2
CTGGTTTTAT,xpa,primer,whitelist,incorrect,2
CTTCTACATT,xpa,primer,whitelist,incorrect,2
GAAGGATCTT,xpa,primer,whitelist,incorrect,2
GACAGTTATA,xpa,primer,whitelist,incorrect,2
GATGTGACGT,xpa,primer,whitelist,rad10,2
GGCGTCATTA,xpa,primer,absent,,2
GGTGGATAAG,xpa,primer,whitelist,incorrect,2
GTAAATAATT,xpa,primer,whitelist,incorrect,2
GTTCTCTGAG,xpa,primer,whitelist,incorrect,2
TAAAGAGAAG,xpa,primer,whitelist,incorrect,2
TAAGGGTAAA,xpa,primer,absent,,2
TAAGTGTTCT,xpa,primer,whitelist,incorrect,2
TACGAAGTAG,xpa,primer,whitelist,incorrect,2
TCAATGGACT,xpa,primer,absent,,2
TCATAGCTTT,xpa,primer,whitelist,incorrect,2
TCTTATTGCT,xpa,primer,whitelist,incorrect,2
TGACACAATG,xpa,primer,whitelist,incorrect,2
TTAATTCATA,xpa,primer,whitelist,incorrect,1
TTAATTCATA,xpa,primer,whitelist,incorrect,2
TTGCTTTAGG,xpa,primer,whitelist,incorrect,2
AATACTGCTT,xpa,primer,whitelist,incorrect,2
ACAGTTTTAT,xpa,primer,whitelist,incorrect,2
GTTCATTTTA,xpa,primer,whitelist,incorrect,1
AAATGGATTA,xpa,primer,whitelist,incorrect,1
AAATGTTTTA,xpa,primer,whitelist,incorrect,2
ATAAAGAAGT,xpa,primer,absent,,2
GTACATATGG,xpa,primer,whitelist,incorrect,2
GTTATATGCG,xpa,primer,whitelist,incorrect,2
GTTTAAGGAA,xpa,primer,whitelist,rad14neg,1
TACGTTAAGG,xpa,primer,whitelist,incorrect,2
GACGGCATAA,xpa,primer,whitelist,incorrect,1
CACGTTATTA,xpa,primer,whitelist,incorrect,1
CGATAATATC,xpa,primer,whitelist,incorrect,1
GTTGAAAACT,xpa,primer,absent,,1
TTAAGCAGGA,xpa,primer,whitelist,incorrect,1
TTATATCTAC,xpa,primer,whitelist,incorrect,1
ATCGGTCAGC,xpa,primer,whitelist,incorrect,1
CGGTGTAAGC,xpa,primer,whitelist,incorrect,1
GATACTCTCT,xpa,primer,whitelist,incorrect,1
AAAAATCCGA,xpa,primer,whitelist,incorrect,1
AAATGTCACT,xpa,primer,whitelist,incorrect,1
AAATTCTAGA,xpa,primer,whitelist,incorrect,1
AAATTCTAGA,xpa,primer,whitelist,incorrect,2
ACATTTGAAA,xpa,primer,whitelist,incorrect,1
ACTTAATAAA,xpa,primer,whitelist,incorrect,1
AGGGAGGACG,xpa,primer,whitelist,incorrect,1
CATTAATGCC,xpa,primer,whitelist,incorrect,1
CATTTTTTTA,xpa,primer,whitelist,incorrect,1
CATTTTTTTA,xpa,primer,whitelist,incorrect,2
CCCATTAATA,xpa,primer,whitelist,ercc1,1
CCCATTAATA,xpa,primer,whitelist,ercc1,2
CCCTATCCGA,xpa,primer,whitelist,incorrect,1
CGGCATGGAT,xpa,primer,absent,,1
CTAAGGTTAA,xpa,primer,whitelist,incorrect,2
CTATCTGCTT,xpa,primer,whitelist,incorrect,1
CTCCCACGTA,xpa,primer,whitelist,incorrect,1
CTTCAGAGCT,xpa,primer,absent,,1
GAATAACGAA,xpa,primer,whitelist,incorrect,1
GTAATTAGAT,xpa,primer,whitelist,incorrect,1
TAAACAGGGA,xpa,primer,whitelist,incorrect,1
TAACATAAAA,xpa,primer,absent,,1
TAACATAAAA,xpa,primer,absent,,2
TAGTCGGGCT,xpa,primer,whitelist,incorrect,2
TATAAAGGCT,xpa,primer,whitelist,incorrect,1
TTAGTAAAAG,xpa,primer,whitelist,incorrect,1
TTTCTTCTAG,xpa,primer,absent,,1
TTTGCATATG,xpa,primer,whitelist,incorrect,1
AATTCTTGTG,xpa,primer,absent,,1
AAGTAACTCC,rad1,primer,absent,,2
ACGGGAAATA,rad1,primer,whitelist,incorrect,2
TAATCCTAAG,rad1,primer,whitelist,incorrect,2
ACGGCACATG,rad1,primer,whitelist,incorrect,2
TAGAGCTTCA,rad1,primer,whitelist,incorrect,2
AAAAGTCTAT,rad1,primer,whitelist,incorrect,2
AACATCTCAT,rad1,primer,whitelist,incorrect,1
AACCACGACC,rad1,primer,absent,,2
AAGGGCCACC,rad1,primer,whitelist,incorrect,1
ACAGACACCA,rad1,primer,whitelist,incorrect,2
ACCACCACTA,rad1,primer,whitelist,incorrect,1
ACCGAGACTG,rad1,primer,whitelist,incorrect,1
ACCTTACTCC,rad1,primer,whitelist,incorrect,2
ACGCCAGTGC,rad1,primer,whitelist,incorrect,2
ACGGACTGTT,rad1,primer,absent,,2
ACGGCAGCCG,rad1,primer,absent,,1
ACGGCCACTG,rad1,primer,whitelist,incorrect,2
ACTCTTACTT,rad1,primer,whitelist,incorrect,2
ACTTAATTAA,rad1,primer,whitelist,rad14neg,1
ACTTAATTAA,rad1,primer,whitelist,rad14neg,2
AGAATAACAC,rad1,primer,absent,,2
AGCGGTCCCA,rad1,primer,whitelist,incorrect,2
AGCTGTACTT,rad1,primer,whitelist,incorrect,1
AGGAGACTAA,rad1,primer,whitelist,incorrect,1
AGGCGTAATC,rad1,primer,absent,,2
AGTTGTTCGA,rad1,primer,whitelist,incorrect,2
ATAACAACTC,rad1,primer,whitelist,incorrect,2
ATAACATTTT,rad1,primer,absent,,2
ATATGTCATT,rad1,primer,whitelist,incorrect,2
ATCGCATCAT,rad1,primer,absent,,2
ATCTAAGTCG,rad1,primer,whitelist,incorrect,1
ATCTGATTAA,rad1,primer,absent,,2
ATGCCATCTT,rad1,primer,whitelist,incorrect,1
ATGCCATCTT,rad1,primer,whitelist,incorrect,2
CAAATACCTA,rad1,primer,whitelist,incorrect,1
CAAATGCCTC,rad1,primer,whitelist,incorrect,1
CAAATGCCTC,rad1,primer,whitelist,incorrect,2
CAACCAGCTT,rad1,primer,whitelist,incorrect,2
CAAGGAAAAT,rad1,primer,whitelist,incorrect,2
CAGACAAGTA,rad1,primer,absent,,2
CATACAAACG,rad1,primer,whitelist,incorrect,2
CATGAACTCA,rad1,primer,whitelist,incorrect,2
CCAACACCTC,rad1,primer,whitelist,incorrect,2
CCAACGACAA,rad1,primer,whitelist,incorrect,2
CCAAGTAGCA,rad1,primer,absent,,2
CCCTGAACCG,rad1,primer,whitelist,incorrect,2
CCGAAGAAAG,rad1,primer,whitelist,incorrect,1
CGAGTTGAGT,rad1,primer,whitelist,incorrect,1
CGCAAAACCT,rad1,primer,whitelist,incorrect,2
CGCGATACTG,rad1,primer,whitelist,incorrect,1
CGGATAGGAG,rad1,primer,whitelist,incorrect,2
CTAGAAACAT,rad1,primer,whitelist,incorrect,1
CTCGACCGCG,rad1,primer,absent,,2
CTCTTGAATA,rad1,primer,whitelist,incorrect,2
CTCTTTCGTT,rad1,primer,whitelist,incorrect,2
CTGAAGATGC,rad1,primer,whitelist,incorrect,1
CTGACTCACG,rad1,primer,absent,,2
CTGGTGCTTA,rad1,primer,whitelist,incorrect,2
CTTAATAGAT,rad1,primer,whitelist,incorrect,2
CTTGCAACAA,rad1,primer,whitelist,incorrect,2
GAACCTAAAA,rad1,primer,whitelist,rad10neg,2
GAACGTGGGC,rad1,primer,whitelist,incorrect,2
GACCCTCGCT,rad1,primer,whitelist,incorrect,1
GACTAACGAT,rad1,primer,whitelist,incorrect,2
GAGAAAATAT,rad1,primer,absent,,1
GAGACCAGTC,rad1,primer,whitelist,incorrect,2
GATAATGATA,rad1,primer,whitelist,incorrect,2
GCGGATTAAT,rad1,primer,whitelist,incorrect,1
GCTCTAAGCC,rad1,primer,whitelist,incorrect,1
GGATACGGAC,rad1,primer,whitelist,incorrect,2
GGTCAGGAAC,rad1,primer,whitelist,incorrect,2
GGTCCCATCT,rad1,primer,whitelist,incorrect,2
GTACGATACT,rad1,primer,absent,,1
GTACGATACT,rad1,primer,absent,,2
GTCCACCTGG,rad1,primer,whitelist,incorrect,1
GTCCGCTTCG,rad1,primer,whitelist,incorrect,2
GTGACCCCCT,rad1,primer,whitelist,incorrect,2
GTGTAAGTTC,rad1,primer,whitelist,incorrect,1
GTTGGACATA,rad1,primer,whitelist,incorrect,2
GTTTCGTGAC,rad1,primer,absent,,1
TAAATATAAC,rad1,primer,whitelist,incorrect,2
TAAGCCGGGA,rad1,primer,whitelist,incorrect,1
TAATGACTAG,rad1,primer,whitelist,incorrect,2
TACATGCAAA,rad1,primer,whitelist,incorrect,1
TAGTTGAGAT,rad1,primer,absent,,1
TATGCCCATG,rad1,primer,whitelist,incorrect,2
TATGCTTGGT,rad1,primer,whitelist,incorrect,1
TATGCTTGGT,rad1,primer,whitelist,incorrect,2
TCATGCATGA,rad1,primer,whitelist,incorrect,2
TCCAACCAAT,rad1,primer,whitelist,incorrect,2
TCCAGATTGT,rad1,primer,whitelist,incorrect,2
TCCGAATTTA,rad1,primer,whitelist,incorrect,2
TCCGACACTT,rad1,primer,whitelist,incorrect,2
TCCTAGCACA,rad1,primer,whitelist,incorrect,2
TCGGCTAGCA,rad1,primer,absent,,1
TCGTCACGAA,rad1,primer,absent,,2
TCTCCATAGT,rad1,primer,whitelist,incorrect,2
TGAAGAGGCA,rad1,primer,absent,,2
TGCACTGTTC,rad1,primer,absent,,1
TGCACTGTTC,rad1,primer,absent,,2
TGCGGGGGAC,rad1,primer,whitelist,incorrect,2
TGGAAATTAT,rad1,primer,whitelist,incorrect,1
TGGAAATTAT,rad1,primer,whitelist,incorrect,2
TTACATCTGA,rad1,primer,whitelist,incorrect,1
TTACCGTAGG,rad1,primer,absent,,1
TTGTACGTTA,rad1,primer,whitelist,incorrect,2
TTTCCACAAT,rad1,primer,whitelist,incorrect,2
CCAGCCCACG,rad1,primer,whitelist,incorrect,1
CGCAGTAAAA,rad1,primer,whitelist,rad14,2
CTCCTCTCTG,rad1,primer,whitelist,incorrect,1
GCTACGAGGT,rad1,primer,whitelist,incorrect,2
GTGCACAACG,rad1,primer,whitelist,incorrect,1
TGGGTATCTT,rad1,primer,absent,,2
AAATGAGCCC,rad1,primer,whitelist,incorrect,2
TCACACCTCT,rad10,missassociation,absent,,1
CAGCGTTCCC,rad10,snp,absent,,2
GTCTCCTACG,rad10,snp,absent,,2
TAAAAGCAAA,rad10,snp,absent,,1
TAAAAGCAAA,rad10,snp,absent,,2
AATATCGGGT,rad10,primer,whitelist,incorrect,1
ACAGGACGGT,rad10,primer,whitelist,incorrect,1
AAATTTGTCT,rad10,primer,absent,,1
GCCGCTTTAG,rad10,primer,whitelist,incorrect,1
ATCACAGCGC,rad10,primer,whitelist,incorrect,1
TGATGAACGT,rad10,primer,whitelist,incorrect,1
CAGGACTAAA,rad10,primer,absent,,2
GCGATCCTGA,rad10,primer,whitelist,incorrect,1
ATCTGACACT,rad10,primer,whitelist,incorrect,1
CGAATCCAGA,rad10,primer,whitelist,incorrect,2
ATTTCTTCAA,rad10,primer,absent,,1
CCAACACACT,rad10,primer,whitelist,incorrect,1
ATCCCCGGTT,rad10,primer,absent,,2
TCTTTAAGGC,rad10,primer,absent,,1
TGGACTTGAT,rad10,primer,whitelist,incorrect,2
ACTATACGAA,rad10,primer,whitelist,incorrect,1
AGCTAAGTTT,rad10,primer,whitelist,incorrect,2
CAGGGGTTGA,rad10,primer,whitelist,incorrect,2
AAACTTTCAA,rad10,primer,whitelist,incorrect,1
TTCACGTTAA,rad10,primer,whitelist,incorrect,2
CGACTGACGA,rad10,primer,whitelist,incorrect,1
AATCAAAGGA,rad10,primer,whitelist,incorrect,1
GATCAAGAAG,rad10,primer,whitelist,incorrect,2
ACAGTTTTGG,rad10,primer,whitelist,incorrect,2
ACTACAAACT,rad10,primer,whitelist,incorrect,1
CGACACTTCA,rad10,primer,whitelist,incorrect,1
GATAGCTCTC,rad10,primer,whitelist,incorrect,2
CCGCAACCAT,rad10,primer,whitelist,incorrect,2
CTCCTGAAAG,rad10,primer,whitelist,incorrect,1
TTAGTTCATG,rad10,primer,whitelist,incorrect,1
GCCTTGAGAA,rad10,primer,absent,,1
GGTGTATCCT,rad10,primer,whitelist,incorrect,2
CTATTCATAA,rad10,primer,absent,,2
GGTATGAACA,rad10,primer,whitelist,incorrect,1
ACACGGTTTA,rad10,primer,whitelist,incorrect,1
TATATATTTA,rad10,primer,whitelist,incorrect,1
ATTACAGTTT,rad10,primer,whitelist,incorrect,2
CAGAACCTTA,rad10,primer,whitelist,incorrect,1
TGCCGATAGA,rad10,primer,absent,,1
TGCCGATAGA,rad10,primer,absent,,2
ACAAGGCGCC,rad10,primer,absent,,2
ATTTATCACC,rad10,primer,whitelist,incorrect,1
TACCTTCGAT,rad10,primer,whitelist,incorrect,1
TGGTATTTCA,rad10,primer,whitelist,incorrect,2
GACCCCTTAC,rad10,primer,whitelist,incorrect,2
AAGTATTAAC,rad10,primer,whitelist,incorrect,2
AATAGCTTCT,rad10,primer,whitelist,incorrect,2
ATCTCAAAGT,rad10,primer,absent,,1
CTTGAGGGAC,rad10,primer,whitelist,incorrect,1
GAAGAATATG,rad10,primer,whitelist,incorrect,1
GACGCCCATA,rad10,primer,whitelist,incorrect,1
TATGGCCTTT,rad10,primer,whitelist,incorrect,2
TGTATTAGAA,rad10,primer,whitelist,rad14,2
TTGAACGGCT,rad10,primer,whitelist,incorrect,1
AAACGGTTTA,rad10,primer,whitelist,incorrect,2
AACAACAACT,rad10,primer,whitelist,incorrect,1
AACGGTTTCA,rad10,primer,whitelist,incorrect,1
AAGAGTCCAT,rad10,primer,whitelist,incorrect,1
AAGATGATCC,rad10,primer,whitelist,incorrect,1
AAGTACCTTA,rad10,primer,whitelist,incorrect,2
AAGTTAAGCA,rad10,primer,whitelist,incorrect,1
AATAAACTAA,rad10,primer,whitelist,incorrect,1
AATAATTCGG,rad10,primer,whitelist,incorrect,1
AATATAAATG,rad10,primer,absent,,1
AATATTACCA,rad10,primer,absent,,2
AATGACCAGC,rad10,primer,whitelist,incorrect,2
ACACCAGTCG,rad10,primer,absent,,2
ACATACATAC,rad10,primer,whitelist,incorrect,1
ACGACGGACC,rad10,primer,whitelist,incorrect,1
ACTTTTGGCC,rad10,primer,whitelist,incorrect,1
AGAGCCGTGT,rad10,primer,whitelist,incorrect,1
AGAGGTCACC,rad10,primer,whitelist,incorrect,1
AGATAACCAA,rad10,primer,whitelist,incorrect,1
AGCCATGTAT,rad10,primer,absent,,1
AGGAACTCTT,rad10,primer,whitelist,incorrect,1
AGGGTGTGTC,rad10,primer,whitelist,incorrect,1
ATACATGACA,rad10,primer,whitelist,incorrect,1
ATAGCACAGA,rad10,primer,whitelist,xpa,2
ATCGTTCAAA,rad10,primer,absent,,1
ATGGAAAGTC,rad10,primer,whitelist,rad14neg,1
ATGGAAAGTC,rad10,primer,whitelist,rad14neg,2
CAACTATTCC,rad10,primer,whitelist,incorrect,2
CAACTCGTTC,rad10,primer,whitelist,incorrect,2
CAAGTGTTAA,rad10,primer,absent,,1
CAAGTGTTAA,rad10,primer,absent,,2
CAATTTAATC,rad10,primer,whitelist,incorrect,1
CACGTGGTCA,rad10,primer,absent,,1
CACTCACCCA,rad10,primer,whitelist,incorrect,1
CAGACAACTT,rad10,primer,whitelist,incorrect,2
CAGACTTCAA,rad10,primer,whitelist,incorrect,2
CATCCATAAA,rad10,primer,whitelist,incorrect,1
CATCCCGCCA,rad10,primer,whitelist,incorrect,2
CCACGTACTG,rad10,primer,whitelist,incorrect,1
CCATAGGCGC,rad10,primer,whitelist,incorrect,2
CCCCCCTATA,rad10,primer,whitelist,incorrect,1
CCCCTTGCTC,rad10,primer,whitelist,incorrect,2
CCCGACAAAT,rad10,primer,whitelist,incorrect,1
CCCGAGACGC,rad10,primer,whitelist,incorrect,2
CCCTATTAAA,rad10,primer,whitelist,incorrect,2
CGAAATGTTG,rad10,primer,whitelist,incorrect,1
CGAAATGTTG,rad10,primer,whitelist,incorrect,2
CGGATTGGAT,rad10,primer,absent,,2
CGTTGCGTCT,rad10,primer,whitelist,incorrect,2
CGTTTACCGT,rad10,primer,whitelist,incorrect,1
CTAAGAAATG,rad10,primer,whitelist,incorrect,1
CTACTACCGC,rad10,primer,absent,,1
CTAGAGCACA,rad10,primer,whitelist,incorrect,2
CTATGTAAAT,rad10,primer,whitelist,incorrect,1
CTCGAGTTCG,rad10,primer,whitelist,incorrect,1
CTGCAAATTT,rad10,primer,whitelist,incorrect,2
CTTACCCTAG,rad10,primer,absent,,1
GAACATAGAA,rad10,primer,absent,,1
GACACACTGC,rad10,primer,whitelist,incorrect,2
GAGGCCCGAA,rad10,primer,whitelist,incorrect,1
GATGATACAT,rad10,primer,whitelist,incorrect,1
GATTAACAAC,rad10,primer,whitelist,incorrect,2
GCCAATACCC,rad10,primer,whitelist,incorrect,1
GCCATTGAAT,rad10,primer,absent,,2
GCGAACGTAG,rad10,primer,whitelist,incorrect,1
GCTCAGAAGT,rad10,primer,whitelist,incorrect,1
GGAGTCCAAA,rad10,primer,whitelist,incorrect,1
GGTCCGCCAC,rad10,primer,absent,,1
GGTCTCCAAT,rad10,primer,whitelist,incorrect,1
GGTGAGTATG,rad10,primer,whitelist,incorrect,2
GTCAGATCTC,rad10,primer,absent,,1
GTCCTCTCTC,rad10,primer,whitelist,incorrect,1
GTCGAAATCC,rad10,primer,whitelist,incorrect,2
GTCTGCGTAT,rad10,primer,whitelist,incorrect,2
GTTAACAGTT,rad10,primer,whitelist,incorrect,1
TAAATAACAT,rad10,primer,whitelist,incorrect,1
TAAATACGAG,rad10,primer,whitelist,incorrect,2
TAAATCCTTG,rad10,primer,whitelist,incorrect,1
TAAATCTAAT,rad10,primer,whitelist,incorrect,2
TAAGAAAATC,rad10,primer,absent,,1
TACATAACTA,rad10,primer,whitelist,incorrect,1
TACATAACTA,rad10,primer,whitelist,incorrect,2
TACGAAATTA,rad10,primer,whitelist,incorrect,2
TAGAAATAGC,rad10,primer,absent,,2
TAGATATCCG,rad10,primer,absent,,2
TAGATTTGGA,rad10,primer,whitelist,incorrect,2
TAGGCACACG,rad10,primer,absent,,1
TATTCAACCA,rad10,primer,absent,,1
TCACAAGGAG,rad10,primer,whitelist,incorrect,1
TCCAACAAAA,rad10,primer,absent,,2
TCCACTTGAC,rad10,primer,whitelist,incorrect,2
TCCATAGTCA,rad10,primer,whitelist,rad14neg,1
TCCATAGTCA,rad10,primer,whitelist,rad14neg,2
TCCTGCCCGT,rad10,primer,whitelist,incorrect,2
TCTACTTTAG,rad10,primer,whitelist,incorrect,2
TCTTATTCAT,rad10,primer,whitelist,incorrect,1
TGACCGGGAA,rad10,primer,whitelist,incorrect,1
TGACCTGTCT,rad10,primer,absent,,1
TGGTGGCCGC,rad10,primer,whitelist,incorrect,1
TGTCCGGCTT,rad10,primer,whitelist,incorrect,1
TGTGAACTCA,rad10,primer,whitelist,incorrect,2
TTACGTACCA,rad10,primer,whitelist,incorrect,1
TTACGTCCAG,rad10,primer,absent,,2
TTAGCGTGAT,rad10,primer,whitelist,incorrect,1
TTAGTATTAA,rad10,primer,whitelist,incorrect,2
TTGATACCCA,rad10,primer,whitelist,incorrect,2
TTTCCTGGTC,rad10,primer,whitelist,incorrect,1
TTTCCTGGTC,rad10,primer,whitelist,incorrect,2
AAACAAATTA,rad10,primer,whitelist,incorrect,2
AAAGATGTGA,rad10,primer,absent,,2
AAAGCGTGGT,rad10,primer,whitelist,incorrect,2
AAAGTCTATG,rad10,primer,absent,,1
AAATGGACGT,rad10,primer,whitelist,incorrect,1
AAGACCTGCG,rad10,primer,absent,,2
AATCTTGTCT,rad10,primer,absent,,1
ACAACGCTAC,rad10,primer,whitelist,incorrect,2
ACGTTTAGGA,rad10,primer,whitelist,incorrect,2
AGGATACAGA,rad10,primer,absent,,2
AGTTAAGCCA,rad10,primer,whitelist,incorrect,1
AGTTAAGCCA,rad10,primer,whitelist,incorrect,2
ATAAACCTAA,rad10,primer,whitelist,incorrect,1
ATAAACCTAA,rad10,primer,whitelist,incorrect,2
ATACACATCG,rad10,primer,whitelist,incorrect,2
ATCCAAAGAG,rad10,primer,whitelist,incorrect,2
CAACGCCATA,rad10,primer,whitelist,incorrect,2
CACCCGCTAT,rad10,primer,whitelist,incorrect,1
CACTAGAACC,rad10,primer,absent,,2
CAGATCCAAA,rad10,primer,whitelist,incorrect,1
CAGTACACAA,rad10,primer,whitelist,incorrect,1
CCAATTTGTA,rad10,primer,whitelist,incorrect,1
CCACCCAAAC,rad10,primer,whitelist,incorrect,2
CCGACTATAA,rad10,primer,whitelist,incorrect,1
CCTAGAAAGC,rad10,primer,absent,,1
CGAAGAATAT,rad10,primer,whitelist,incorrect,1
CGAATTGCAA,rad10,primer,whitelist,incorrect,2
CGATGGATTA,rad10,primer,whitelist,incorrect,1
CGTAAGCTCA,rad10,primer,whitelist,incorrect,2
CTAAACTACT,rad10,primer,whitelist,incorrect,1
CTAAAGAACA,rad10,primer,whitelist,incorrect,2
CTAGCAGTAA,rad10,primer,whitelist,incorrect,1
CTATCTTGGA,rad10,primer,absent,,2
CTCCAATGTT,rad10,primer,whitelist,incorrect,2
CTGAAGGTGT,rad10,primer,whitelist,incorrect,2
CTGCGTAGTC,rad10,primer,absent,,2
CTTCGCTTCC,rad10,primer,absent,,2
CTTCTGTAAA,rad10,primer,whitelist,incorrect,1
CTTCTGTAAA,rad10,primer,whitelist,incorrect,2
GAAATAGTAT,rad10,primer,whitelist,incorrect,1
GAAATAGTAT,rad10,primer,whitelist,incorrect,2
GAACACAGAT,rad10,primer,whitelist,incorrect,2
GACAATTGTA,rad10,primer,whitelist,incorrect,2
GACGATTTAA,rad10,primer,whitelist,incorrect,1
GCAACCAAAT,rad10,primer,whitelist,incorrect,2
GCAACTTTCA,rad10,primer,whitelist,incorrect,2
GCCAAACGAT,rad10,primer,whitelist,incorrect,1
GCCTTAGATC,rad10,primer,whitelist,incorrect,1
GGCTTTAATA,rad10,primer,whitelist,incorrect,2
GGGCACAGAC,rad10,primer,whitelist,incorrect,2
GGGGACAGAG,rad10,primer,whitelist,incorrect,1
GGGTAAACTA,rad10,primer,whitelist,incorrect,2
GTACCTAAGA,rad10,primer,absent,,2
GTCCGGGGTC,rad10,primer,whitelist,incorrect,2
GTCGAGATTT,rad10,primer,whitelist,incorrect,2
GTGGCATTTA,rad10,primer,whitelist,incorrect,2
GTTTCTCAAC,rad10,primer,absent,,1
TAACTCATGG,rad10,primer,whitelist,incorrect,1
TAAGTTCCCC,rad10,primer,whitelist,incorrect,2
TAGACGGTCA,rad10,primer,absent,,2
TAGGGTCCTA,rad10,primer,whitelist,incorrect,1
TATAGACAAA,rad10,primer,whitelist,incorrect,1
TATAGACAAA,rad10,primer,whitelist,incorrect,2
TGAAACAGAT,rad10,primer,whitelist,incorrect,2
TGACTGAGTT,rad10,primer,whitelist,incorrect,1
TTAAAAGCGT,rad10,primer,whitelist,incorrect,2
TTAATGCCAA,rad10,primer,whitelist,incorrect,1
TTCTATTCGG,rad10,primer,absent,,2
AAAACCTAAG,rad10,primer,whitelist,incorrect,1
AAAGACGAGT,rad10,primer,whitelist,incorrect,1
AAATGTTTAA,rad10,primer,whitelist,incorrect,2
AACTAAACGG,rad10,primer,whitelist,incorrect,1
AAGGAACCGA,rad10,primer,whitelist,incorrect,2
AATACCGGAG,rad10,primer,whitelist,incorrect,2
AATCGCAAAT,rad10,primer,whitelist,incorrect,2
ACAAGGTTGG,rad10,primer,whitelist,incorrect,2
ACACCTGATC,rad10,primer,whitelist,incorrect,2
ACAGATGAGA,rad10,primer,absent,,1
ACATGAACCT,rad10,primer,whitelist,incorrect,2
ACCATAACTG,rad10,primer,whitelist,incorrect,1
ACCGAGTCTA,rad10,primer,whitelist,incorrect,1
ACTACGAATC,rad10,primer,whitelist,incorrect,1
AGACCCATAT,rad10,primer,whitelist,incorrect,2
AGAGGAGGCG,rad10,primer,whitelist,incorrect,2
AGAGGCCCCG,rad10,primer,whitelist,incorrect,1
AGCACGCTCG,rad10,primer,whitelist,incorrect,2
AGGTCCCTTC,rad10,primer,absent,,1
ATAGACAGCC,rad10,primer,whitelist,incorrect,2
ATATAAAATA,rad10,primer,whitelist,xpa,1
ATATAAAATA,rad10,primer,whitelist,xpa,2
ATATGATACG,rad10,primer,whitelist,incorrect,1
ATCAGCACGA,rad10,primer,whitelist,incorrect,1
ATGATCCCAC,rad10,primer,whitelist,incorrect,2
ATGTTTCAAC,rad10,primer,whitelist,incorrect,2
ATTTAGAGAG,rad10,primer,whitelist,incorrect,2
CAAACTGGAT,rad10,primer,whitelist,incorrect,1
CAATAGACCA,rad10,primer,whitelist,incorrect,1
CAATATACTT,rad10,primer,whitelist,incorrect,1
CACTAAATCA,rad10,primer,whitelist,incorrect,2
CACTAGACTA,rad10,primer,whitelist,incorrect,1
CACTAGACTA,rad10,primer,whitelist,incorrect,2
CAGCGGTCTG,rad10,primer,whitelist,incorrect,1
CAGTACATGA,rad10,primer,whitelist,incorrect,1
CATGGGTGGC,rad10,primer,whitelist,incorrect,1
CATTCTACCC,rad10,primer,whitelist,incorrect,1
CCAGAATTAC,rad10,primer,whitelist,incorrect,1
CCAGATAAGA,rad10,primer,whitelist,incorrect,1
CCCACTCTTA,rad10,primer,whitelist,incorrect,1
CCGAACATTG,rad10,primer,absent,,2
CCTAAAACAA,rad10,primer,whitelist,incorrect,1
CCTAAAACAA,rad10,primer,whitelist,incorrect,2
CGATATGGAG,rad10,primer,whitelist,incorrect,1
CGCGCCCACA,rad10,primer,whitelist,incorrect,1
CGGCTTAAAT,rad10,primer,whitelist,incorrect,1
CGGCTTCCCA,rad10,primer,whitelist,incorrect,2
CGTTATATTA,rad10,primer,whitelist,rad14neg,1
CGTTATATTA,rad10,primer,whitelist,rad14neg,2
CTATAGGGCA,rad10,primer,absent,,2
CTCATTGAAT,rad10,primer,whitelist,incorrect,2
CTGAAACTAC,rad10,primer,whitelist,incorrect,1
CTGTGATCAT,rad10,primer,whitelist,incorrect,2
CTTAAGTCAA,rad10,primer,absent,,1
GAAGAGTCTA,rad10,primer,whitelist,incorrect,1
GAGACTAGGC,rad10,primer,whitelist,incorrect,1
GAGAGTACGT,rad10,primer,absent,,2
GATTGTTTGA,rad10,primer,absent,,1
GCCAAGCCTA,rad10,primer,whitelist,incorrect,1
GCCACGAAAT,rad10,primer,whitelist,rad1,1
GCCACGAAAT,rad10,primer,whitelist,rad1,2
GCCGCAGGAC,rad10,primer,whitelist,incorrect,1
GCCTAGGCGT,rad10,primer,whitelist,incorrect,2
GCTCTTGCAT,rad10,primer,whitelist,incorrect,1
GCTGAATCAT,rad10,primer,whitelist,incorrect,2
GGACGTTTAC,rad10,primer,whitelist,rad1,1
GGATAAGATT,rad10,primer,whitelist,incorrect,2
GGATGCACCT,rad10,primer,whitelist,incorrect,2
GGATTTAGAT,rad10,primer,whitelist,incorrect,1
GGGAGAACGT,rad10,primer,whitelist,incorrect,1
GTATACACAG,rad10,primer,whitelist,incorrect,2
GTGTGATATG,rad10,primer,whitelist,incorrect,1
TAATCGGGTA,rad10,primer,whitelist,incorrect,1
TACAACCAGA,rad10,primer,whitelist,incorrect,2
TAGTGGCATG,rad10,primer,whitelist,incorrect,1
TATACCAACG,rad10,primer,whitelist,incorrect,1
TATGCCTGCG,rad10,primer,whitelist,incorrect,2
TATGTCCGAG,rad10,primer,whitelist,incorrect,1
TATGTGAAAC,rad10,primer,whitelist,incorrect,1
TATTAATCGA,rad10,primer,absent,,2
TCCACTATCA,rad10,primer,whitelist,incorrect,1
TCTCGATCCC,rad10,primer,whitelist,rad1,1
TCTGCGTATA,rad10,primer,absent,,1
TCTGCGTATA,rad10,primer,absent,,2
TGCGTCTTTC,rad10,primer,absent,,1
TGCGTCTTTG,rad10,primer,whitelist,incorrect,2
TTACCAAGGA,rad10,primer,whitelist,incorrect,1
TTACCTACCT,rad10,primer,whitelist,incorrect,1
TTGCTCGAGC,rad10,primer,whitelist,incorrect,1
AACAAATCGA,rad10,primer,whitelist,incorrect,1
AACTCATGCG,rad10,primer,whitelist,incorrect,1
AATGTCTACC,rad10,primer,whitelist,incorrect,2
ACAAAAGTTT,rad10,primer,whitelist,incorrect,1
ACATACAAAT,rad10,primer,absent,,2
ACTCAAATTA,rad10,primer,whitelist,incorrect,1
ACTGATTGTA,rad10,primer,whitelist,incorrect,1
ACTTCTTAAG,rad10,primer,whitelist,incorrect,1
ACTTGTCACA,rad10,primer,whitelist,incorrect,1
CACACAGTGG,rad10,primer,whitelist,incorrect,1
CCCATTCAAA,rad10,primer,whitelist,incorrect,2
CCTGTCCACA,rad10,primer,absent,,1
CGTACAAGGA,rad10,primer,whitelist,incorrect,1
CTAGTCAACC,rad10,primer,whitelist,incorrect,1
CTATAACAAC,rad10,primer,whitelist,incorrect,1
CTCGCCGCAA,rad10,primer,whitelist,incorrect,1
GAAACAAAGT,rad10,primer,whitelist,incorrect,1
GATGCTTTAA,rad10,primer,absent,,1
GTGGAAAATT,rad10,primer,whitelist,incorrect,1
GTTCACTTGC,rad10,primer,whitelist,incorrect,2
GTTTCACAAC,rad10,primer,whitelist,incorrect,1
TCACCTATTT,rad10,primer,whitelist,incorrect,1
TTCAACCCAT,rad10,primer,whitelist,incorrect,1
TTCCTAAATA,rad10,primer,whitelist,incorrect,2
TTGGACAGAG,rad10,primer,whitelist,incorrect,2
AATTGCGGGA,rad10,primer,whitelist,incorrect,1
ACGTTATACA,rad10,primer,whitelist,incorrect,2
AGTGAAGCTG,rad10,primer,whitelist,incorrect,1
ATCATATATT,rad10,primer,absent,,1
ATCATATATT,rad10,primer,absent,,2
CACATTAGCT,rad10,primer,whitelist,incorrect,2
CCTTACAGCC,rad10,primer,whitelist,incorrect,1
CTAAGATGTC,rad10,primer,whitelist,incorrect,2
CTGAAAATCG,rad10,primer,whitelist,incorrect,1
CTGTGGGGAA,rad10,primer,whitelist,incorrect,2
GAAAAAAGGA,rad10,primer,whitelist,incorrect,1
TAATCTGTAC,rad10,primer,whitelist,incorrect,1
TAATCTGTAC,rad10,primer,whitelist,incorrect,2
TTCTTCTGTA,rad10,primer,whitelist,incorrect,1
TTGTAAACGA,rad10,primer,absent,,1
AAATACTAAA,rad10,primer,whitelist,rad14neg,1
AAATACTAAA,rad10,primer,whitelist,rad14neg,2
AGGATATCGT,rad10,primer,whitelist,incorrect,1
ATAGGCGCGC,rad10,primer,whitelist,incorrect,2
ATTCGAAGCC,rad10,primer,whitelist,incorrect,2
GATACGATGA,rad10,primer,whitelist,incorrect,1
GGATCATCCA,rad10,primer,absent,,1
GGTTCAATAA,rad10,primer,whitelist,incorrect,1
AAACCGTTAC,rad10,primer,whitelist,incorrect,1
CAGATTGCCT,rad10,primer,absent,,2
TTGAGTATGA,rad10,primer,whitelist,incorrect,2
CCACGAACCA,rad10,primer,whitelist,incorrect,1
AAAAGCCGGA,rad10,primer,whitelist,incorrect,1
AGTACCTAAG,rad10,primer,whitelist,ercc1,1
AGTACCTAAG,rad10,primer,whitelist,ercc1,2
CCCTGTGTTC,rad10,primer,whitelist,incorrect,1
GAAATTAAAC,rad10,primer,absent,,2
TATTAGGACT,rad10,primer,whitelist,incorrect,1
GCCCGATGGT,rad1neg,primer,absent,,2
CACTCCAACT,rad1neg,primer,absent,,1
ACATGACGAC,rad1neg,primer,absent,,2
CTAGATTCTG,rad1neg,primer,absent,,2
GAGGGATTAA,rad1neg,primer,absent,,2
GCATTATGAG,rad1neg,primer,absent,,2
GCGAACTGCA,rad1neg,primer,absent,,2
TCCTCTTCAA,rad1neg,primer,absent,,2
TGAAGGCACG,rad1neg,primer,absent,,1
TGTAACTCTA,rad1neg,primer,absent,,2
ACAGAAAATA,rad1neg,primer,whitelist,incorrect,2
CAACTTAAAC,rad1neg,primer,absent,,2
AACGGGTCCT,rad1neg,primer,absent,,2
TCCGACATCT,rad1neg,primer,whitelist,incorrect,2
GCGGATCTAA,rad1neg,primer,absent,,2
ACATCATTTG,rad1neg,primer,absent,,1
GAGATCCTTA,rad1neg,primer,absent,,2
TAAGTCGACC,rad1neg,primer,absent,,2
ATCCCTCACT,rad1neg,primer,whitelist,incorrect,2
CAATCTTACA,rad1neg,primer,absent,,2
CTATGAAACA,rad1neg,primer,absent,,2
TTACTGCCCT,rad1neg,primer,absent,,1
AAGTTTGGTT,rad1neg,primer,whitelist,incorrect,1
AATATGTGGA,rad1neg,primer,whitelist,incorrect,2
AATGTAGTTC,rad1neg,primer,whitelist,incorrect,2
ATGACTTTTA,rad1neg,primer,absent,,2
GCTCACAAAA,rad1neg,primer,absent,,2
GTAGTACTTC,rad1neg,primer,absent,,1
GCAACTTTGA,rad1neg,primer,absent,,2
CCTTCCGGTC,rad1neg,primer,whitelist,incorrect,1
CGGTTTATGG,rad1neg,primer,whitelist,incorrect,1
GCGACATATA,rad1neg,primer,whitelist,incorrect,1
GGATTCACCC,rad1neg,primer,absent,,2
TAACCTGACG,rad1neg,primer,absent,,1
TAACCTGACG,rad1neg,primer,absent,,2
GACTCCTTAG,rad1neg,primer,absent,,2
CATACTCAGG,rad1neg,primer,absent,,2
AATAAGCTAA,rad1neg,primer,whitelist,incorrect,1
TATACCACCC,rad1neg,primer,absent,,2
AAGATGTTAG,rad1neg,primer,whitelist,rad14neg,1
ACCACTTGCC,rad1neg,primer,absent,,2
ACGAACTGAT,rad1neg,primer,absent,,1
AGCAGACAAA,rad1neg,primer,absent,,1
AGGAACTAGC,rad1neg,primer,absent,,1
ATAAATATTT,rad1neg,primer,whitelist,incorrect,2
CGTGGCCACC,rad1neg,primer,whitelist,incorrect,2
AAAGAGGGCT,rad1neg,primer,whitelist,incorrect,2
AACTGGTTAA,rad1neg,primer,absent,,2
ATCCGGTATG,rad1neg,primer,absent,,2
CGCAAATGGG,rad1neg,primer,absent,,2
GAATTACAAC,rad1neg,primer,whitelist,incorrect,1
TCACTTATTC,rad1neg,primer,whitelist,incorrect,1
TCATTGAAAA,rad1neg,primer,whitelist,incorrect,2
AATGATATCA,rad1neg,primer,absent,,1
AAAAAGAACC,rad1neg,primer,absent,,2
ATGATTTATT,rad1neg,primer,absent,,1
GATTTTTCCC,rad1neg,primer,whitelist,incorrect,1
AAATAAGCGT,rad1neg,primer,whitelist,incorrect,1
AACCAATTCT,rad1neg,primer,whitelist,incorrect,1
AAGACTCAGA,rad1neg,primer,absent,,2
AATAACTATG,rad1neg,primer,absent,,1
AATAACTATG,rad1neg,primer,absent,,2
AATAGATTCC,rad1neg,primer,whitelist,rad10,2
AATTCTACTC,rad1neg,primer,absent,,2
ATTAAAACAT,rad1neg,primer,whitelist,incorrect,2
CCGGTGCAAA,rad1neg,primer,whitelist,incorrect,1
CGAGTATCTT,rad1neg,primer,absent,,2
GCCGTCCGGA,rad1neg,primer,whitelist,incorrect,1
TAAACATTGC,rad1neg,primer,whitelist,incorrect,1
TCCGAATTAC,rad1neg,primer,absent,,1
TGACCATGCC,rad1neg,primer,absent,,1
AAAACGTCCC,rad1neg,primer,whitelist,incorrect,1
AAAACTCTTG,rad1neg,primer,whitelist,incorrect,1
AAAACTGTTT,rad1neg,primer,whitelist,incorrect,2
AAACACTATT,rad1neg,primer,whitelist,incorrect,1
AAAGACTAAA,rad1neg,primer,whitelist,incorrect,1
AAAGGTAAGG,rad1neg,primer,whitelist,incorrect,1
AAATCAATTA,rad1neg,primer,whitelist,incorrect,1
AAATCAATTA,rad1neg,primer,whitelist,incorrect,2
AAATCCGCTA,rad1neg,primer,whitelist,incorrect,2
AAATTGATCA,rad1neg,primer,whitelist,incorrect,1
AAATTGCTAG,rad1neg,primer,whitelist,incorrect,1
AAATTTCTTT,rad1neg,primer,whitelist,incorrect,1
AACAAGTCGG,rad1neg,primer,whitelist,incorrect,1
AACACCTTCC,rad1neg,primer,whitelist,incorrect,1
AACCAACATT,rad1neg,primer,whitelist,incorrect,1
AAGATAATGG,rad1neg,primer,absent,,1
AAGCATCAGC,rad1neg,primer,whitelist,incorrect,1
AAGCCGATCC,rad1neg,primer,whitelist,incorrect,1
AATCCGGGTT,rad1neg,primer,whitelist,incorrect,1
AATCGAGACA,rad1neg,primer,whitelist,incorrect,2
AATTAAGTAC,rad1neg,primer,whitelist,incorrect,1
AATTCGCGGA,rad1neg,primer,whitelist,incorrect,2
ACAAACATTA,rad1neg,primer,whitelist,incorrect,1
ACAAATAAGC,rad1neg,primer,whitelist,incorrect,2
ACACAATGGA,rad1neg,primer,absent,,2
ACACCTGTTA,rad1neg,primer,whitelist,incorrect,1
ACACGTTGTC,rad1neg,primer,whitelist,incorrect,1
ACACTTACCA,rad1neg,primer,whitelist,incorrect,1
ACCAACTCGA,rad1neg,primer,absent,,1
ACCACCACAC,rad1neg,primer,whitelist,incorrect,1
ACCCACAATA,rad1neg,primer,absent,,1
ACCTTACCTA,rad1neg,primer,whitelist,incorrect,1
ACGCCACTGT,rad1neg,primer,whitelist,incorrect,1
ACGCTTAGTA,rad1neg,primer,whitelist,incorrect,2
ACGGTTATGG,rad1neg,primer,whitelist,incorrect,1
ACGTTCGGAT,rad1neg,primer,absent,,1
ACTATTGATA,rad1neg,primer,absent,,1
ACTGCGACCT,rad1neg,primer,absent,,1
AGAAATCCCC,rad1neg,primer,absent,,2
AGAACCCCTT,rad1neg,primer,absent,,1
AGAGATAACC,rad1neg,primer,whitelist,incorrect,2
AGAGCAAAGC,rad1neg,primer,whitelist,incorrect,1
AGAGCAAAGC,rad1neg,primer,whitelist,incorrect,2
AGATAGCAGT,rad1neg,primer,absent,,2
AGCATCCACT,rad1neg,primer,whitelist,incorrect,1
AGCGCCGACA,rad1neg,primer,absent,,1
AGCGCTTTCC,rad1neg,primer,whitelist,incorrect,2
AGCGTCTCTG,rad1neg,primer,absent,,1
AGCTCACTCC,rad1neg,primer,absent,,1
AGCTCGTAGA,rad1neg,primer,absent,,2
AGGAACAAAA,rad1neg,primer,whitelist,incorrect,1
AGGAACGGGA,rad1neg,primer,whitelist,incorrect,2
AGGCCGAAAA,rad1neg,primer,whitelist,incorrect,1
AGGGAATGAC,rad1neg,primer,absent,,1
AGGTCCTGTA,rad1neg,primer,absent,,1
AGTACCCCCG,rad1neg,primer,whitelist,incorrect,1
AGTACGTCAG,rad1neg,primer,absent,,1
AGTAGATCCA,rad1neg,primer,absent,,1
AGTAGCTCCA,rad1neg,primer,whitelist,incorrect,1
AGTCAGATTA,rad1neg,primer,whitelist,incorrect,1
AGTGCTTTCA,rad1neg,primer,whitelist,incorrect,1
AGTGCTTTCA,rad1neg,primer,whitelist,incorrect,2
AGTTCAGTCT,rad1neg,primer,whitelist,incorrect,1
ATACTATTTT,rad1neg,primer,whitelist,rad10neg,1
ATACTATTTT,rad1neg,primer,whitelist,rad10neg,2
ATATAGCATA,rad1neg,primer,whitelist,incorrect,2
ATCAATGAAG,rad1neg,primer,whitelist,incorrect,2
ATCACTGAAA,rad1neg,primer,whitelist,incorrect,1
ATCCTAGCCC,rad1neg,primer,whitelist,incorrect,2
ATCTTATAAA,rad1neg,primer,whitelist,incorrect,1
ATGACAGCGG,rad1neg,primer,whitelist,incorrect,1
ATGACAGCGG,rad1neg,primer,whitelist,incorrect,2
ATGCCTTCGA,rad1neg,primer,absent,,1
ATGCTAGCAT,rad1neg,primer,whitelist,incorrect,1
ATGCTCCGTA,rad1neg,primer,absent,,1
ATGCTGTGCA,rad1neg,primer,whitelist,incorrect,1
ATGGATAAGA,rad1neg,primer,absent,,1
ATGGATAAGA,rad1neg,primer,absent,,2
ATTAAAAGTT,rad1neg,primer,absent,,1
ATTATATCTG,rad1neg,primer,whitelist,incorrect,1
ATTCACCTTC,rad1neg,primer,whitelist,incorrect,2
ATTCATGAAC,rad1neg,primer,whitelist,incorrect,1
ATTCCAGTTT,rad1neg,primer,absent,,1
ATTTACCAAG,rad1neg,primer,whitelist,xpa,1
ATTTAGTTCT,rad1neg,primer,whitelist,incorrect,1
ATTTCTCTAA,rad1neg,primer,absent,,1
CAAAAACTAA,rad1neg,primer,whitelist,incorrect,2
CAAAAGTGCT,rad1neg,primer,whitelist,incorrect,1
CAAATCATTA,rad1neg,primer,whitelist,incorrect,2
CAACACGTCA,rad1neg,primer,whitelist,incorrect,1
CAACTGTGGT,rad1neg,primer,whitelist,incorrect,2
CAAGGCGCAC,rad1neg,primer,whitelist,incorrect,1
CAAGGTCGAA,rad1neg,primer,whitelist,incorrect,2
CAATATTAAA,rad1neg,primer,whitelist,incorrect,1
CAATGACAGA,rad1neg,primer,whitelist,incorrect,1
CAATTCCTTC,rad1neg,primer,absent,,1
CACAAGACCC,rad1neg,primer,whitelist,incorrect,1
CACTAGGTCT,rad1neg,primer,whitelist,incorrect,1
CACTAGGTCT,rad1neg,primer,whitelist,incorrect,2
CACTGTGTGA,rad1neg,primer,whitelist,incorrect,2
CAGCCCCTAA,rad1neg,primer,whitelist,incorrect,2
CAGTATGGTC,rad1neg,primer,whitelist,incorrect,1
CAGTTGCATC,rad1neg,primer,absent,,1
CATAATGCCG,rad1neg,primer,whitelist,incorrect,1
CATCACCGAG,rad1neg,primer,absent,,2
CATTTGAGGA,rad1neg,primer,whitelist,incorrect,1
CCAAAATAGA,rad1neg,primer,whitelist,rad1,1
CCAAAATAGA,rad1neg,primer,whitelist,rad1,2
CCAATTCGTG,rad1neg,primer,whitelist,incorrect,1
CCACTGGTCA,rad1neg,primer,whitelist,incorrect,1
CCACTGGTCA,rad1neg,primer,whitelist,incorrect,2
CCAGACGTCA,rad1neg,primer,whitelist,incorrect,1
CCAGATTGTA,rad1neg,primer,absent,,1
CCCGGAATAC,rad1neg,primer,whitelist,incorrect,1
CCGAAGATTT,rad1neg,primer,whitelist,incorrect,1
CCGAAGATTT,rad1neg,primer,whitelist,incorrect,2
CCGCCAGTAG,rad1neg,primer,absent,,2
CCGCTTTTAT,rad1neg,primer,whitelist,incorrect,1
CCTACTGAAC,rad1neg,primer,whitelist,incorrect,1
CCTGGCTCTG,rad1neg,primer,whitelist,incorrect,1
CCTTCTTCAT,rad1neg,primer,absent,,2
CGACTATCGA,rad1neg,primer,absent,,1
CGATACTATT,rad1neg,primer,absent,,1
CGCCACCTCT,rad1neg,primer,absent,,2
CGCCGACGGT,rad1neg,primer,whitelist,incorrect,1
CGCGGTAACC,rad1neg,primer,absent,,2
CGGACCCGAC,rad1neg,primer,whitelist,incorrect,1
CGGACCCGAC,rad1neg,primer,whitelist,incorrect,2
CGGCCGGCGC,rad1neg,primer,absent,,1
CGGGTTCGCA,rad1neg,primer,whitelist,incorrect,1
CGTAAATATA,rad1neg,primer,whitelist,incorrect,2
CGTGTTCAAA,rad1neg,primer,absent,,2
CGTTGATATA,rad1neg,primer,whitelist,incorrect,1
CTACATATAA,rad1neg,primer,absent,,1
CTAGTTAACA,rad1neg,primer,whitelist,rad10,2
CTATAGTAGC,rad1neg,primer,absent,,2
CTATCACTGT,rad1neg,primer,whitelist,incorrect,1
CTCAAGGAAC,rad1neg,primer,absent,,2
CTCACCGTAA,rad1neg,primer,absent,,1
CTCACCGTAA,rad1neg,primer,absent,,2
CTCAGTCACC,rad1neg,primer,whitelist,incorrect,1
CTCCACCACG,rad1neg,primer,whitelist,incorrect,1
CTCCATGGAT,rad1neg,primer,whitelist,incorrect,1
CTCGAACTTG,rad1neg,primer,whitelist,incorrect,2
CTGAGGCCAG,rad1neg,primer,whitelist,incorrect,1
CTGCCAGTCC,rad1neg,primer,whitelist,incorrect,2
CTGCGACTCA,rad1neg,primer,whitelist,incorrect,2
CTGCGATGAC,rad1neg,primer,whitelist,incorrect,2
CTTACCACGG,rad1neg,primer,whitelist,incorrect,1
CTTATATTGC,rad1neg,primer,whitelist,incorrect,1
CTTCATCGGT,rad1neg,primer,whitelist,incorrect,2
GAAAGCTATA,rad1neg,primer,whitelist,incorrect,2
GAACCATTAT,rad1neg,primer,whitelist,incorrect,1
GAACGATGCT,rad1neg,primer,whitelist,incorrect,1
GAACGGTGCC,rad1neg,primer,absent,,1
GAATTTTGAA,rad1neg,primer,whitelist,incorrect,2
GACAGATCAG,rad1neg,primer,absent,,1
GACAGCTTGA,rad1neg,primer,absent,,1
GACATAGAAG,rad1neg,primer,whitelist,incorrect,1
GACCAAAGTC,rad1neg,primer,whitelist,incorrect,1
GACGAGATTG,rad1neg,primer,whitelist,incorrect,1
GACGAGCGGT,rad1neg,primer,whitelist,incorrect,2
GACGCCTGAG,rad1neg,primer,whitelist,incorrect,1
GACGCTTGAT,rad1neg,primer,whitelist,incorrect,2
GACTACCAAG,rad1neg,primer,whitelist,incorrect,1
GACTCTTTAT,rad1neg,primer,whitelist,incorrect,1
GACTCTTTAT,rad1neg,primer,whitelist,incorrect,2
GAGAAAAACA,rad1neg,primer,absent,,1
GAGCATGCAC,rad1neg,primer,whitelist,incorrect,1
GAGTGGGGAC,rad1neg,primer,whitelist,incorrect,1
GAGTTCCCGT,rad1neg,primer,whitelist,incorrect,2
GCAAAAGAAT,rad1neg,primer,whitelist,incorrect,1
GCAAGCATAA,rad1neg,primer,absent,,2
GCAGTATTAG,rad1neg,primer,absent,,1
GCATCAGACG,rad1neg,primer,whitelist,incorrect,1
GCATTTTGCC,rad1neg,primer,whitelist,incorrect,1
GCATTTTGCC,rad1neg,primer,whitelist,incorrect,2
GCCTATATAC,rad1neg,primer,absent,,1
GCCTTAGACT,rad1neg,primer,whitelist,incorrect,1
GCGAACAGCT,rad1neg,primer,absent,,1
GCGATTTTAC,rad1neg,primer,absent,,1
GCGTGCCACA,rad1neg,primer,whitelist,incorrect,1
GCGTTGTTCA,rad1neg,primer,absent,,2
GCTTCATGAT,rad1neg,primer,whitelist,incorrect,1
GCTTGCCGTC,rad1neg,primer,whitelist,incorrect,1
GGAATAAGGT,rad1neg,primer,absent,,1
GGCACAAATC,rad1neg,primer,whitelist,incorrect,1
GGCACTCTAA,rad1neg,primer,whitelist,incorrect,1
GGCCATTAGC,rad1neg,primer,absent,,2
GGCGGGTAAA,rad1neg,primer,absent,,1
GGCGTCAATA,rad1neg,primer,whitelist,incorrect,1
GGCGTTAAAC,rad1neg,primer,whitelist,incorrect,1
GGCTATTCTA,rad1neg,primer,whitelist,incorrect,1
GGGACGCGAG,rad1neg,primer,whitelist,incorrect,1
GGGATACTAG,rad1neg,primer,absent,,1
GGGGATCTGC,rad1neg,primer,absent,,1
GGGGGCCGCC,rad1neg,primer,whitelist,incorrect,1
GGTAAGGCAA,rad1neg,primer,absent,,1
GGTAGAAATC,rad1neg,primer,whitelist,incorrect,1
GGTGATGGAC,rad1neg,primer,absent,,1
GGTTGGGTCT,rad1neg,primer,whitelist,incorrect,1
GTAAGATGGC,rad1neg,primer,whitelist,incorrect,2
GTAATGATTT,rad1neg,primer,absent,,1
GTAATTGAAT,rad1neg,primer,absent,,1
GTACACTCAA,rad1neg,primer,absent,,2
GTACCATCCC,rad1neg,primer,whitelist,incorrect,2
GTAGACGTGA,rad1neg,primer,whitelist,incorrect,1
GTCAATGTTT,rad1neg,primer,whitelist,incorrect,1
GTCCCATTCC,rad1neg,primer,whitelist,incorrect,1
GTCCCTAGTT,rad1neg,primer,whitelist,incorrect,2
GTCCGGTATA,rad1neg,primer,whitelist,incorrect,1
GTCGTGACCT,rad1neg,primer,whitelist,incorrect,1
GTGATTGACG,rad1neg,primer,whitelist,incorrect,1
GTGGACAAAC,rad1neg,primer,whitelist,incorrect,2
GTTACAACCA,rad1neg,primer,whitelist,incorrect,1
GTTACAACCA,rad1neg,primer,whitelist,incorrect,2
GTTAGTGGTC,rad1neg,primer,whitelist,incorrect,2
GTTCAGATCA,rad1neg,primer,whitelist,incorrect,2
GTTGGCCCAG,rad1neg,primer,absent,,2
TAACAATACC,rad1neg,primer,absent,,1
TAACTGAAAT,rad1neg,primer,whitelist,incorrect,1
TAATCTGCAC,rad1neg,primer,whitelist,incorrect,2
TAATGCGAGC,rad1neg,primer,whitelist,incorrect,1
TACACTAGGT,rad1neg,primer,whitelist,incorrect,1
TACACTAGGT,rad1neg,primer,whitelist,incorrect,2
TACAGGATTG,rad1neg,primer,whitelist,incorrect,1
TACGCGGACC,rad1neg,primer,whitelist,incorrect,2
TAGCACATAT,rad1neg,primer,absent,,1
TAGCAGGTCG,rad1neg,primer,absent,,1
TAGGTGGGTA,rad1neg,primer,whitelist,incorrect,1
TAGTGCACCA,rad1neg,primer,absent,,1
TATAACAAGT,rad1neg,primer,whitelist,rad14,2
TATAAGGCCT,rad1neg,primer,absent,,1
TATAGCATAC,rad1neg,primer,whitelist,incorrect,2
TATGCTATCC,rad1neg,primer,whitelist,incorrect,1
TCAAAAAAAT,rad1neg,primer,whitelist,incorrect,1
TCAAATTCGA,rad1neg,primer,absent,,1
TCAACGTATA,rad1neg,primer,whitelist,incorrect,2
TCATTTTCTC,rad1neg,primer,whitelist,incorrect,1
TCCAACTTGG,rad1neg,primer,whitelist,incorrect,1
TCCAATATAG,rad1neg,primer,whitelist,incorrect,1
TCCCAGTCCT,rad1neg,primer,absent,,2
TCCGACTTAA,rad1neg,primer,whitelist,incorrect,1
TCCGCTTAGC,rad1neg,primer,whitelist,incorrect,2
TCCTCCTTAT,rad1neg,primer,absent,,1
TCCTGATCGC,rad1neg,primer,absent,,1
TCCTGATCGC,rad1neg,primer,absent,,2
TCGATATCCT,rad1neg,primer,whitelist,incorrect,2
TCGATGCAAT,rad1neg,primer,whitelist,incorrect,1
TCGCCCTTAC,rad1neg,primer,whitelist,incorrect,1
TCTCCTCCGT,rad1neg,primer,absent,,2
TCTGTAACGC,rad1neg,primer,whitelist,incorrect,1
TCTTACCGTG,rad1neg,primer,absent,,1
TGACCACCCT,rad1neg,primer,whitelist,incorrect,1
TGAGAACTTG,rad1neg,primer,whitelist,incorrect,2
TGATCAAAAG,rad1neg,primer,absent,,1
TGATTCAGTC,rad1neg,primer,absent,,2
TGCAAAGGTG,rad1neg,primer,whitelist,incorrect,1
TGGAATAAAT,rad1neg,primer,whitelist,incorrect,1
TGGGAGACGA,rad1neg,primer,absent,,1
TGGTACAAAT,rad1neg,primer,whitelist,incorrect,1
TGGTGCGCCA,rad1neg,primer,whitelist,incorrect,1
TGTAATCCTG,rad1neg,primer,whitelist,incorrect,1
TGTATCAAAG,rad1neg,primer,whitelist,incorrect,1
TGTCGAGGAA,rad1neg,primer,absent,,1
TTAAACAAGC,rad1neg,primer,absent,,1
TTAATTCTTA,rad1neg,primer,whitelist,incorrect,1
TTACAATAAA,rad1neg,primer,absent,,1
TTAGATGAAT,rad1neg,primer,whitelist,incorrect,2
TTCAATTAAT,rad1neg,primer,absent,,1
TTCACCGTTA,rad1neg,primer,whitelist,incorrect,2
TTCGCAAAAT,rad1neg,primer,absent,,1
TTTAAGTCAT,rad1neg,primer,whitelist,incorrect,2
TTTATGTCAT,rad1neg,primer,whitelist,incorrect,2
TTTATGTCTA,rad1neg,primer,absent,,1
TTTGATGGTG,rad1neg,primer,whitelist,incorrect,1
TTTGCATCAT,rad1neg,primer,absent,,1
TTTGCTCTTT,rad1neg,primer,whitelist,incorrect,1
TTTTAGAACA,rad1neg,primer,whitelist,xpa,1
TTTTAGAACA,rad1neg,primer,whitelist,xpa,2
TTTTATGTAA,rad1neg,primer,whitelist,incorrect,1
TTTTATGTAT,rad1neg,primer,absent,,1
TTTTATGTAT,rad1neg,primer,absent,,2
TTTTCGATAA,rad1neg,primer,absent,,1
AGACTGTTAG,rad1neg,primer,absent,,1
ATTTTATGGC,rad1neg,primer,whitelist,incorrect,1
CAATCATCAA,rad1neg,primer,whitelist,incorrect,1
CACGGTAATA,rad1neg,primer,whitelist,incorrect,2
CAGGAGAGCC,rad1neg,primer,whitelist,incorrect,1
CCTCCTTGAA,rad1neg,primer,whitelist,incorrect,1
CTAATAATGA,rad1neg,primer,whitelist,incorrect,1
GCAATGGGCC,rad1neg,primer,whitelist,incorrect,1
GCGCTACTTA,rad1neg,primer,absent,,2
GGATCGGACA,rad1neg,primer,whitelist,incorrect,2
GGCATCTGAA,rad1neg,primer,whitelist,incorrect,1
GGTTAGGTTC,rad1neg,primer,absent,,1
GTCTCGTCAT,rad1neg,primer,whitelist,incorrect,1
GTGTTATCGG,rad1neg,primer,whitelist,incorrect,1
TATTAACAAT,rad1neg,primer,absent,,1
TCACAACATT,rad1neg,primer,whitelist,incorrect,2
TCTACATCGC,rad1neg,primer,whitelist,incorrect,1
TGATTCCTTA,rad1neg,primer,whitelist,incorrect,1
ACTCATAAGG,rad1neg,primer,whitelist,incorrect,1
CAACGTCCAA,rad1neg,primer,whitelist,incorrect,1
ACCAATCCTT,rad1neg,primer,whitelist,incorrect,2
CAGTGATGAA,rad1neg,primer,whitelist,incorrect,1
AAAATACTGA,rad1neg,primer,whitelist,incorrect,2
AATGCCCGAA,rad1neg,primer,whitelist,incorrect,2
ACTCAAGAAG,rad1neg,primer,whitelist,incorrect,1
CTTCATTGTC,rad1neg,primer,whitelist,incorrect,2
GCGCCAGCGA,rad1neg,primer,whitelist,incorrect,2
GTTCAACGAA,rad1neg,primer,absent,,2
TACAATTCGT,rad1neg,primer,whitelist,incorrect,1
ATATACACCT,rad1neg,primer,absent,,1
GCAGAACCAC,rad1neg,primer,whitelist,incorrect,1
CTCGGTGGGT,rad1neg,primer,whitelist,incorrect,1
CGTAACGGAC,rad1neg,primer,absent,,1
TCTGTGCCCC,rad1neg,primer,whitelist,incorrect,1
AGTAGCATGA,rad10neg,snp,absent,,2
GAAACACATA,rad10neg,snp,absent,,2
GAACTTACAT,rad10neg,snp,absent,,2
TCTCTTGCCA,rad10neg,snp,absent,,2
CGTGATGTCG,rad10neg,primer,whitelist,incorrect,1
CAAAGCGAAT,rad10neg,primer,absent,,1
TACCGTATAC,rad10neg,primer,whitelist,incorrect,1
CAGGCCGACC,rad10neg,primer,whitelist,incorrect,1
CGCTATTGCT,rad10neg,primer,whitelist,incorrect,1
GCCATAAAGC,rad10neg,primer,whitelist,incorrect,1
AGGCTAAAAG,rad10neg,primer,absent,,1
CCATGCGCGG,rad10neg,primer,whitelist,incorrect,1
CCCGTCTGTC,rad10neg,primer,whitelist,incorrect,1
TCAATATCGC,rad10neg,primer,whitelist,incorrect,1
TGCGGCCTAG,rad10neg,primer,whitelist,incorrect,1
CAAATAGAGA,rad10neg,primer,absent,,1
CGATGCAACT,rad10neg,primer,absent,,1
CTGAATCAGG,rad10neg,primer,whitelist,incorrect,1
TTAAAGAATG,rad10neg,primer,whitelist,incorrect,1
CCTGCCAGAC,rad10neg,primer,whitelist,incorrect,1
CGATTAATTA,rad10neg,primer,whitelist,incorrect,1
TTTTTAATGT,rad10neg,primer,whitelist,incorrect,1
TTTTTAATGT,rad10neg,primer,whitelist,incorrect,2
GCTCAGTACT,rad10neg,primer,absent,,1
TGGACAAATC,rad10neg,primer,whitelist,incorrect,1
CACGTGAGTG,rad10neg,primer,whitelist,incorrect,1
CATTACCAGC,rad10neg,primer,whitelist,incorrect,1
TTTTCACGAT,rad10neg,primer,whitelist,incorrect,1
CCGATCGACT,rad10neg,primer,whitelist,incorrect,1
ACGAACGACC,rad10neg,primer,whitelist,incorrect,1
CGTATTCGAA,rad10neg,primer,whitelist,incorrect,1
GACTAGCTGA,rad10neg,primer,whitelist,incorrect,1
GTTAAGGCAG,rad10neg,primer,whitelist,incorrect,1
ACTCGGCTGG,rad10neg,primer,whitelist,incorrect,1
CACAAGCTCT,rad10neg,primer,whitelist,incorrect,1
TCGATCAGTC,rad10neg,primer,whitelist,incorrect,1
CCCAAGATAC,rad10neg,primer,whitelist,incorrect,1
AATAAATAAT,rad10neg,primer,whitelist,rad1,1
AATAAATAAT,rad10neg,primer,whitelist,rad1,2
GAAATCTGAC,rad10neg,primer,whitelist,incorrect,1
TATAACTTGG,rad10neg,primer,whitelist,incorrect,1
ACAGAGGACC,rad10neg,primer,whitelist,incorrect,1
ACTCGAAGAT,rad10neg,primer,whitelist,rad14,1
ATATAGTTAT,rad10neg,primer,whitelist,incorrect,1
ATCGTGTGGC,rad10neg,primer,whitelist,incorrect,1
ATCTGTAATC,rad10neg,primer,whitelist,incorrect,1
TCCCCCGACC,rad10neg,primer,absent,,2
CTCCCCAGCC,rad10neg,primer,whitelist,incorrect,1
GCAATCTTCT,rad10neg,primer,whitelist,incorrect,1
AAAGGGACTG,rad10neg,primer,whitelist,incorrect,1
CCTTGACCAT,rad10neg,primer,whitelist,incorrect,1
CTAGCGAGCG,rad10neg,primer,whitelist,incorrect,1
CTCAGTCGTG,rad10neg,primer,absent,,1
GACCCCTGCA,rad10neg,primer,whitelist,incorrect,1
GCTCAGCGAA,rad10neg,primer,whitelist,incorrect,1
TGGAGTGTTC,rad10neg,primer,whitelist,incorrect,1
AAGGTCCATA,rad10neg,primer,whitelist,incorrect,1
ACGGCTTGTT,rad10neg,primer,whitelist,incorrect,1
ACGGGATTAT,rad10neg,primer,whitelist,incorrect,1
ATTTGTGGGA,rad10neg,primer,whitelist,incorrect,1
CACAAGACAC,rad10neg,primer,whitelist,incorrect,1
CACTAACGGA,rad10neg,primer,whitelist,incorrect,1
CCACTTTTGC,rad10neg,primer,whitelist,incorrect,1
CCATCAAAGC,rad10neg,primer,whitelist,incorrect,1
CTAAAGTTAC,rad10neg,primer,absent,,1
CTAAAGTTAC,rad10neg,primer,absent,,2
CTCCTGGACG,rad10neg,primer,whitelist,incorrect,1
CTTGTTTCTA,rad10neg,primer,whitelist,incorrect,1
GACTAGCCCG,rad10neg,primer,whitelist,incorrect,1
GCAATGTCGT,rad10neg,primer,absent,,1
GCCTTTGGAC,rad10neg,primer,whitelist,incorrect,1
TCAGTATCTC,rad10neg,primer,absent,,1
TGCAGTGCGC,rad10neg,primer,whitelist,incorrect,1
TGCCGGGACG,rad10neg,primer,whitelist,incorrect,1
TGCCGGGACG,rad10neg,primer,whitelist,incorrect,2
TGGCTCATCA,rad10neg,primer,whitelist,incorrect,1
TTCCTCTGCG,rad10neg,primer,whitelist,incorrect,1
CCTTCGGCCG,rad10neg,primer,whitelist,incorrect,1
GACGACAGGT,rad10neg,primer,whitelist,incorrect,1
ACGGCAAGTA,rad10neg,primer,whitelist,incorrect,1
AGGAAAAGCG,rad10neg,primer,whitelist,incorrect,1
CCGTTCAAAA,rad10neg,primer,whitelist,incorrect,1
CTAGCGAGGG,rad10neg,primer,whitelist,incorrect,1
CTCCGAGCCC,rad10neg,primer,whitelist,incorrect,1
GAGTATTGAT,rad10neg,primer,whitelist,incorrect,1
GCTTATATCG,rad10neg,primer,whitelist,incorrect,1
AAAAGAAGTC,rad10neg,primer,whitelist,incorrect,1
AAAATCGCGC,rad10neg,primer,whitelist,incorrect,1
AAACCTCGGC,rad10neg,primer,whitelist,incorrect,1
AAATCTTTAT,rad10neg,primer,whitelist,incorrect,1
AAATTCTCGT,rad10neg,primer,whitelist,incorrect,1
AACCATGAAA,rad10neg,primer,whitelist,incorrect,1
AACCATGAAA,rad10neg,primer,whitelist,incorrect,2
AACGATATCG,rad10neg,primer,whitelist,incorrect,1
AACTATAGAT,rad10neg,primer,whitelist,ercc1,1
AAGCCACAGA,rad10neg,primer,whitelist,incorrect,1
AATCAAGGTT,rad10neg,primer,whitelist,incorrect,1
AATCCCAGGT,rad10neg,primer,whitelist,incorrect,1
AATTGAACGC,rad10neg,primer,whitelist,incorrect,1
ACAAACTTAC,rad10neg,primer,whitelist,incorrect,1
ACAAATACTT,rad10neg,primer,whitelist,incorrect,1
ACAAGGTCCG,rad10neg,primer,whitelist,incorrect,1
ACCATACTCG,rad10neg,primer,whitelist,incorrect,1
ACGACTAAAG,rad10neg,primer,whitelist,incorrect,1
ACGTAATAGA,rad10neg,primer,whitelist,incorrect,1
ACGTGCCATT,rad10neg,primer,whitelist,incorrect,1
ACTCCTCCTT,rad10neg,primer,whitelist,incorrect,1
ACTTCGAATC,rad10neg,primer,whitelist,incorrect,1
ACTTTGTTTC,rad10neg,primer,whitelist,incorrect,1
AGAAGAGTTA,rad10neg,primer,whitelist,incorrect,1
AGAGACGACC,rad10neg,primer,whitelist,incorrect,1
AGATGCCGTG,rad10neg,primer,whitelist,incorrect,1
AGATGTGTAT,rad10neg,primer,whitelist,incorrect,1
AGCCTTATCC,rad10neg,primer,whitelist,incorrect,1
AGGACAGCCC,rad10neg,primer,absent,,1
AGGGCAAAAC,rad10neg,primer,whitelist,incorrect,1
AGGTATATCT,rad10neg,primer,whitelist,incorrect,1
AGTGGTAAGA,rad10neg,primer,whitelist,incorrect,1
ATATCGAACG,rad10neg,primer,absent,,1
ATCATACCTC,rad10neg,primer,whitelist,incorrect,1
ATCCGATTTA,rad10neg,primer,absent,,1
ATCGAAGTCA,rad10neg,primer,whitelist,incorrect,1
ATCTCGCATA,rad10neg,primer,whitelist,incorrect,1
ATGCAGCGAC,rad10neg,primer,whitelist,incorrect,1
ATTACTTTGT,rad10neg,primer,absent,,1
ATTAGCACGT,rad10neg,primer,whitelist,incorrect,1
ATTCATTCAA,rad10neg,primer,whitelist,incorrect,1
ATTCGAATGG,rad10neg,primer,whitelist,incorrect,1
ATTCTCAACT,rad10neg,primer,whitelist,rad14neg,1
ATTGCAATCG,rad10neg,primer,whitelist,incorrect,1
ATTTTCCAGA,rad10neg,primer,whitelist,incorrect,1
CAACAATTCC,rad10neg,primer,whitelist,incorrect,1
CAATAAGAGT,rad10neg,primer,whitelist,incorrect,1
CAATTTGGCC,rad10neg,primer,absent,,1
CACACGAATT,rad10neg,primer,whitelist,incorrect,1
CACCGAACAT,rad10neg,primer,whitelist,incorrect,1
CACTCTTGCC,rad10neg,primer,whitelist,incorrect,1
CACTTTCTCA,rad10neg,primer,whitelist,incorrect,1
CATATGTTGG,rad10neg,primer,whitelist,incorrect,1
CATTCCTACA,rad10neg,primer,whitelist,incorrect,1
CATTGGGATT,rad10neg,primer,whitelist,incorrect,1
CCAAAATGTA,rad10neg,primer,whitelist,incorrect,1
CCAATTCCTT,rad10neg,primer,whitelist,incorrect,1
CCACAGGGCC,rad10neg,primer,whitelist,incorrect,1
CCATAACCCT,rad10neg,primer,whitelist,incorrect,1
CCATACGCCT,rad10neg,primer,whitelist,incorrect,1
CCCCCCGCGG,rad10neg,primer,whitelist,incorrect,1
CCCCCGATAT,rad10neg,primer,absent,,1
CCCCTGAACA,rad10neg,primer,whitelist,incorrect,1
CCCTATCGGA,rad10neg,primer,absent,,1
CCCTCACTAC,rad10neg,primer,whitelist,incorrect,1
CCCTCACTAC,rad10neg,primer,whitelist,incorrect,2
CCGAACGGGT,rad10neg,primer,whitelist,incorrect,1
CCGCAAATGT,rad10neg,primer,whitelist,incorrect,1
CCGGTAACCG,rad10neg,primer,whitelist,incorrect,1
CCGTTAAGGA,rad10neg,primer,whitelist,incorrect,1
CCTAAAATAA,rad10neg,primer,whitelist,incorrect,1
CCTAACATGG,rad10neg,primer,whitelist,incorrect,1
CCTCGTCATA,rad10neg,primer,whitelist,incorrect,1
CCTCTATGGC,rad10neg,primer,whitelist,incorrect,1
CCTGTAATCT,rad10neg,primer,whitelist,incorrect,1
CCTTTTTCCA,rad10neg,primer,whitelist,incorrect,1
CGACACTGGT,rad10neg,primer,whitelist,incorrect,1
CGCCATATCG,rad10neg,primer,whitelist,incorrect,1
CGGTCAGGCA,rad10neg,primer,whitelist,incorrect,1
CGGTTACCCC,rad10neg,primer,whitelist,incorrect,1
CGTCTGATAC,rad10neg,primer,whitelist,incorrect,1
CGTGGCTCAC,rad10neg,primer,whitelist,incorrect,1
CGTGTTCATT,rad10neg,primer,whitelist,incorrect,1
CTCAATGATA,rad10neg,primer,whitelist,incorrect,1
CTCATATGGC,rad10neg,primer,whitelist,incorrect,1
CTCCAGCGGT,rad10neg,primer,whitelist,incorrect,1
CTCGACGTGC,rad10neg,primer,whitelist,incorrect,1
CTCTAAGTTA,rad10neg,primer,whitelist,incorrect,1
CTGGTTCATT,rad10neg,primer,absent,,1
CTGTCGATAG,rad10neg,primer,whitelist,incorrect,1
CTGTGTATCC,rad10neg,primer,whitelist,incorrect,1
CTGTTATGCG,rad10neg,primer,whitelist,incorrect,1
CTTGCACCTT,rad10neg,primer,whitelist,incorrect,1
GAAAACGACG,rad10neg,primer,whitelist,incorrect,1
GAAAATCAAC,rad10neg,primer,whitelist,incorrect,1
GAAAGTTCAA,rad10neg,primer,absent,,1
GAAAGTTCAA,rad10neg,primer,absent,,2
GAATACACGA,rad10neg,primer,whitelist,incorrect,1
GAATCATTCT,rad10neg,primer,whitelist,incorrect,1
GACAACGGTC,rad10neg,primer,whitelist,incorrect,1
GAGCTTTCCC,rad10neg,primer,absent,,1
GAGTGTCTTA,rad10neg,primer,whitelist,incorrect,1
GAGTGTGTCA,rad10neg,primer,whitelist,incorrect,1
GATAGGTTGC,rad10neg,primer,whitelist,incorrect,1
GATCGCAAAC,rad10neg,primer,whitelist,incorrect,1
GATTGATTTT,rad10neg,primer,whitelist,rad14,1
GCCCTTTATT,rad10neg,primer,whitelist,incorrect,1
GCCTACGTGT,rad10neg,primer,whitelist,incorrect,1
GCGTCGCTAA,rad10neg,primer,absent,,1
GCGTGATTCG,rad10neg,primer,whitelist,incorrect,1
GCTAAAACAT,rad10neg,primer,whitelist,incorrect,1
GCTACCACGT,rad10neg,primer,whitelist,incorrect,1
GCTCAACACC,rad10neg,primer,whitelist,incorrect,1
GCTTACAGTG,rad10neg,primer,absent,,1
GGCCTGTAGC,rad10neg,primer,absent,,1
GGCTCTCACT,rad10neg,primer,whitelist,incorrect,1
GGGAACTTTT,rad10neg,primer,absent,,1
GGGTTAACAC,rad10neg,primer,whitelist,incorrect,1
GGTCGAAGCT,rad10neg,primer,whitelist,incorrect,1
GTACTGAGTC,rad10neg,primer,whitelist,incorrect,1
GTAGTGAGGC,rad10neg,primer,whitelist,incorrect,1
GTCCCAACCC,rad10neg,primer,whitelist,incorrect,1
GTCTTCCTTG,rad10neg,primer,whitelist,incorrect,1
GTGAGGCTAT,rad10neg,primer,whitelist,incorrect,1
GTTAAAAGTC,rad10neg,primer,whitelist,incorrect,1
GTTAAGACAC,rad10neg,primer,whitelist,incorrect,1
GTTAAGACAC,rad10neg,primer,whitelist,incorrect,2
TAAACCCGTA,rad10neg,primer,whitelist,incorrect,1
TAAAGACCAA,rad10neg,primer,absent,,1
TAACCTGCAA,rad10neg,primer,whitelist,incorrect,1
TAAGTCTAGT,rad10neg,primer,whitelist,incorrect,1
TAATGATCAC,rad10neg,primer,whitelist,incorrect,1
TACCTTCAAC,rad10neg,primer,absent,,1
TACGGTTACC,rad10neg,primer,whitelist,ercc4,1
TAGACCGAAA,rad10neg,primer,whitelist,incorrect,1
TATACTCCCT,rad10neg,primer,whitelist,incorrect,1
TATAGCGATA,rad10neg,primer,whitelist,incorrect,1
TATATCAGAC,rad10neg,primer,whitelist,rad10,1
TATATCAGAC,rad10neg,primer,whitelist,rad10,2
TATCCAGCAG,rad10neg,primer,whitelist,incorrect,1
TCAACTTGTT,rad10neg,primer,whitelist,incorrect,1
TCAACTTGTT,rad10neg,primer,whitelist,incorrect,2
TCAGAAAAAT,rad10neg,primer,whitelist,incorrect,1
TCAGGATGAG,rad10neg,primer,whitelist,incorrect,1
TCCAGCACAC,rad10neg,primer,absent,,1
TCCCTAAGAA,rad10neg,primer,whitelist,incorrect,1
TCCGATTTCG,rad10neg,primer,absent,,1
TCCGTTAGGC,rad10neg,primer,whitelist,incorrect,1
TCCGTTTCGC,rad10neg,primer,whitelist,incorrect,1
TCCTTACGGA,rad10neg,primer,whitelist,incorrect,1
TCGACAAAGG,rad10neg,primer,whitelist,incorrect,1
TCGCAATATC,rad10neg,primer,absent,,1
TCGCAATATC,rad10neg,primer,absent,,2
TCGCATTAGT,rad10neg,primer,whitelist,incorrect,1
TCTCCGCTAA,rad10neg,primer,whitelist,incorrect,1
TGACAGGACG,rad10neg,primer,whitelist,incorrect,1
TGCTATGGGA,rad10neg,primer,whitelist,incorrect,1
TGGACGTATG,rad10neg,primer,whitelist,incorrect,1
TGGACTAATA,rad10neg,primer,whitelist,incorrect,1
TGGCTTAACC,rad10neg,primer,whitelist,incorrect,1
TGGGATCAAG,rad10neg,primer,whitelist,incorrect,1
TGGGCGGGAT,rad10neg,primer,whitelist,incorrect,1
TGGGGCTACT,rad10neg,primer,whitelist,incorrect,1
TGTCACACGA,rad10neg,primer,whitelist,incorrect,1
TGTCGTTGCG,rad10neg,primer,whitelist,incorrect,1
TGTTACAATC,rad10neg,primer,whitelist,incorrect,1
TTAAAAACAC,rad10neg,primer,absent,,1
TTAACAGGGA,rad10neg,primer,absent,,1
TTAGGCAACT,rad10neg,primer,whitelist,incorrect,2
TTCACTCCTC,rad10neg,primer,absent,,1
TTCACTCCTC,rad10neg,primer,absent,,2
TTCCTGACAC,rad10neg,primer,whitelist,incorrect,1
TTCCTTCAAT,rad10neg,primer,whitelist,incorrect,1
TTCGACCATG,rad10neg,primer,whitelist,incorrect,1
TTCGTCCTCG,rad10neg,primer,absent,,1
TTCTTTAGAA,rad10neg,primer,absent,,1
TTGTACACAT,rad10neg,primer,absent,,1
TTGTACACAT,rad10neg,primer,absent,,2
TTGTACGGAT,rad10neg,primer,whitelist,incorrect,1
TTGTCACAAT,rad10neg,primer,whitelist,incorrect,1
TTGTGGCCCT,rad10neg,primer,whitelist,incorrect,1
TTTACCGCAC,rad10neg,primer,whitelist,incorrect,1
TTTACGCCAT,rad10neg,primer,whitelist,incorrect,1
TTTACGGTGG,rad10neg,primer,absent,,1
TTTAGACATT,rad10neg,primer,whitelist,incorrect,1
TTTATCAACG,rad10neg,primer,whitelist,incorrect,1
TTTCGAATTC,rad10neg,primer,whitelist,incorrect,1
TTTGATCCAT,rad10neg,primer,whitelist,incorrect,1
TTTGTGGCTC,rad10neg,primer,whitelist,incorrect,1
ACCCCCAATC,rad10neg,primer,whitelist,incorrect,1
ACTACACACT,rad10neg,primer,whitelist,incorrect,1
AGTTCCTAGT,rad10neg,primer,whitelist,incorrect,1
CTCTCAAGAT,rad10neg,primer,whitelist,incorrect,1
GAGGGGCGTA,rad10neg,primer,whitelist,incorrect,1
GATAGTCCCG,rad10neg,primer,whitelist,incorrect,1
TAACCAGAAC,rad10neg,primer,whitelist,incorrect,1
TAGCACAGGC,rad10neg,primer,whitelist,incorrect,1
TCCGGCTACT,rad10neg,primer,whitelist,incorrect,1
TGAATCGGCC,rad10neg,primer,absent,,1
TGCAAATACT,rad10neg,primer,whitelist,incorrect,1
TGCAACTCAA,rad10neg,primer,whitelist,incorrect,1
CGACCTTGTT,rad10neg,primer,absent,,1
CCGATAGAAA,rad10neg,primer,absent,,1
CCGATAGAAA,rad10neg,primer,absent,,2
GAACTGCAAC,rad10neg,primer,whitelist,incorrect,1
GTACAATCTC,rad10neg,primer,whitelist,incorrect,1
TACGAGACCG,rad10neg,primer,whitelist,incorrect,1
TCAACGGGCG,rad10neg,primer,whitelist,incorrect,1
TTGGTCCCCA,rad10neg,primer,absent,,1
TTGGTCCCCA,rad10neg,primer,absent,,2
CGCGAAATAT,rad10neg,primer,whitelist,incorrect,1
AACTGGGAAG,rad10neg,primer,absent,,1
AAGCTTAGGA,rad10neg,primer,absent,,1
AAGTAGCGTA,rad10neg,primer,absent,,1
ACCCTAAACT,rad10neg,primer,whitelist,incorrect,1
ACTGAGCATT,rad10neg,primer,absent,,1
AGCTGCCATT,rad10neg,primer,whitelist,incorrect,1
AGTTGCTGCG,rad10neg,primer,whitelist,incorrect,1
ATCGATCACT,rad10neg,primer,whitelist,incorrect,1
ATTATAAATC,rad10neg,primer,whitelist,incorrect,1
CAGAAGTGAA,rad10neg,primer,whitelist,incorrect,1
CATAAGCCAG,rad10neg,primer,absent,,1
CATCCCGCGT,rad10neg,primer,whitelist,incorrect,1
CCAACAATAA,rad10neg,primer,whitelist,incorrect,1
CGCGCATACT,rad10neg,primer,whitelist,incorrect,1
CGGCGCCGAA,rad10neg,primer,whitelist,incorrect,1
GATCCAGACG,rad10neg,primer,whitelist,incorrect,1
GGAACGGAAA,rad10neg,primer,whitelist,incorrect,1
GTAACGCAAC,rad10neg,primer,whitelist,incorrect,1
GTCTCCGACT,rad10neg,primer,whitelist,incorrect,1
TCGCGAGAGT,rad10neg,primer,whitelist,incorrect,1
TGGTATGAAC,rad10neg,primer,whitelist,incorrect,1
TTAACGGATA,rad10neg,primer,whitelist,incorrect,1
TTAGTGGTCC,rad10neg,primer,whitelist,incorrect,1
TTCACTAAAC,rad10neg,primer,absent,,1
GTGTGAGATC,rad10neg,primer,whitelist,incorrect,1
ATGCCGGTGA,rad10neg,primer,whitelist,incorrect,1
GAGCGATCCG,rad10neg,primer,whitelist,incorrect,1
AAAAATCAAA,rad10neg,primer,whitelist,incorrect,1
GATGTCAACA,rad10neg,primer,whitelist,incorrect,1
TCTAGATATC,rad10neg,primer,whitelist,incorrect,1
AGAAGTTGGG,rad14neg,snp,absent,,2
GAGAGCCGAA,rad14neg,snp,whitelist,incorrect,1
GAGTAAGTCC,rad14neg,snp,absent,,2
GCTGGTAAGA,rad14neg,snp,absent,,2
TAAGCTTTAT,rad14neg,snp,absent,,2
TATTTAAAAC,rad14neg,snp,absent,,1
TATTTAAAAC,rad14neg,snp,absent,,2
TGCAGGTTTT,rad14neg,snp,absent,,2
ATGATGAGAT,rad14neg,primer,absent,,2
TGGTATAGTA,rad14neg,primer,whitelist,incorrect,2
TTGAGCGAAA,rad14neg,primer,whitelist,incorrect,2
AATTCTTGTG,rad14neg,primer,absent,,1
GGGGGAAGAG,rad14neg,primer,absent,,1
ATACCGATAG,rad14neg,primer,whitelist,incorrect,1
TATGATATTT,rad14neg,primer,absent,,1
TGTTGGGGTA,rad14neg,primer,whitelist,incorrect,1
AAAACCTTTC,rad14neg,primer,whitelist,incorrect,2
AAAAGGACAG,rad14neg,primer,whitelist,incorrect,1
AAAGTACTCC,rad14neg,primer,whitelist,incorrect,1
AAATGCGTGT,rad14neg,primer,whitelist,incorrect,1
AACATTTCTA,rad14neg,primer,whitelist,incorrect,1
AATACTCAGG,rad14neg,primer,whitelist,incorrect,2
AATATTTTTG,rad14neg,primer,whitelist,incorrect,1
AATCATTCAT,rad14neg,primer,whitelist,incorrect,1
AATCGCTAGA,rad14neg,primer,absent,,1
ACAGATTAAT,rad14neg,primer,whitelist,incorrect,1
ACATTAGTAT,rad14neg,primer,absent,,1
ACGATCTAAA,rad14neg,primer,whitelist,incorrect,1
AGAATTATTA,rad14neg,primer,whitelist,incorrect,1
AGGTTATAGA,rad14neg,primer,absent,,1
AGGTTATAGA,rad14neg,primer,absent,,2
ATACGTTTAG,rad14neg,primer,whitelist,incorrect,1
ATAGCGTTTA,rad14neg,primer,whitelist,incorrect,1
ATGCGATTTG,rad14neg,primer,absent,,1
ATGTGTGACG,rad14neg,primer,whitelist,incorrect,2
ATGTTACTAT,rad14neg,primer,whitelist,incorrect,1
ATTAAAGAGC,rad14neg,primer,whitelist,incorrect,1
ATTATAAAAA,rad14neg,primer,whitelist,incorrect,1
CAGAGTTATT,rad14neg,primer,whitelist,incorrect,1
CAGAGTTATT,rad14neg,primer,whitelist,incorrect,2
CAGCTGTACC,rad14neg,primer,whitelist,incorrect,1
CATAAGGCTA,rad14neg,primer,whitelist,incorrect,2
CCCAATATTA,rad14neg,primer,whitelist,incorrect,1
CCGACCGTTA,rad14neg,primer,whitelist,incorrect,1
CGGATCTGAT,rad14neg,primer,whitelist,incorrect,1
CGTGTGGGAT,rad14neg,primer,whitelist,incorrect,1
CTAAAATTTG,rad14neg,primer,whitelist,incorrect,1
CTAGTTTTGT,rad14neg,primer,whitelist,incorrect,1
CTGCGACAAA,rad14neg,primer,whitelist,incorrect,1
CTTAATTTCA,rad14neg,primer,whitelist,incorrect,2
GAATCTATAT,rad14neg,primer,whitelist,incorrect,1
GAATTTATGC,rad14neg,primer,whitelist,incorrect,1
GACGTTGATC,rad14neg,primer,whitelist,incorrect,1
GAGAGTGTGA,rad14neg,primer,whitelist,incorrect,2
GCAAGAAGAA,rad14neg,primer,whitelist,incorrect,1
GCAGGATTAG,rad14neg,primer,whitelist,incorrect,1
GCCGATATCA,rad14neg,primer,whitelist,incorrect,1
GCTATGAGGG,rad14neg,primer,whitelist,incorrect,1
GCTTGAGTAT,rad14neg,primer,whitelist,incorrect,1
GGATAGTTAT,rad14neg,primer,whitelist,incorrect,1
GGGCATTTTT,rad14neg,primer,absent,,1
GTAACATTGG,rad14neg,primer,whitelist,incorrect,1
GTATTTGTAT,rad14neg,primer,whitelist,incorrect,1
GTGAAATGAT,rad14neg,primer,absent,,1
GTTAAGAGCT,rad14neg,primer,whitelist,incorrect,2
GTTAGTTGTA,rad14neg,primer,whitelist,incorrect,1
GTTTTAGATT,rad14neg,primer,whitelist,incorrect,1
TAACAGGTTA,rad14neg,primer,whitelist,incorrect,2
TAACTAAATT,rad14neg,primer,whitelist,incorrect,2
TAGAAAAGAA,rad14neg,primer,absent,,1
TAGAAAATTA,rad14neg,primer,whitelist,incorrect,2
TAGACCACAA,rad14neg,primer,whitelist,incorrect,2
TATATAGTCA,rad14neg,primer,whitelist,incorrect,1
TATTCACTTT,rad14neg,primer,whitelist,incorrect,1
TATTGAATGC,rad14neg,primer,whitelist,incorrect,1
TCAACATCAT,rad14neg,primer,whitelist,incorrect,1
TCGAGAATAC,rad14neg,primer,whitelist,incorrect,1
TCGGCAGAAG,rad14neg,primer,whitelist,incorrect,2
TGGTGGCTTT,rad14neg,primer,whitelist,incorrect,1
TGGTTCACAA,rad14neg,primer,whitelist,incorrect,1
TGTACCTCCA,rad14neg,primer,whitelist,incorrect,2
TTATGCATTA,rad14neg,primer,whitelist,incorrect,1
TTCTTTCCGA,rad14neg,primer,whitelist,incorrect,1
TTTACAATAA,rad14neg,primer,whitelist,incorrect,1
TTTATTTTTG,rad14neg,primer,whitelist,incorrect,1
TTTTTCATAC,rad14neg,primer,whitelist,incorrect,1
AACGTTGAAT,rad14neg,primer,whitelist,incorrect,1
TAGGTTTGTT,rad14neg,primer,whitelist,incorrect,1
TCCGTAAAGT,rad14neg,primer,whitelist,incorrect,1
AGAAGTAACT,rad14neg,primer,whitelist,incorrect,1
ATATTTGAAA,rad14neg,primer,whitelist,incorrect,1
ATCCTCTAAT,rad14neg,primer,absent,,1
ATGGAGACTA,rad14neg,primer,whitelist,incorrect,1
CGTCATTCAA,rad14neg,primer,whitelist,incorrect,1
CTGTAGGGTA,rad14neg,primer,whitelist,incorrect,1
CTGTATCTTA,rad14neg,primer,whitelist,incorrect,1
CTTAACAGTA,rad14neg,primer,absent,,1
CTTAACAGTA,rad14neg,primer,absent,,2
CTTTATGTAT,rad14neg,primer,whitelist,incorrect,1
GCGTTAACCG,rad14neg,primer,whitelist,incorrect,1
GGACAAGGAG,rad14neg,primer,whitelist,incorrect,1
GGTGTAATTC,rad14neg,primer,whitelist,rad10neg,1
GGTGTAATTC,rad14neg,primer,whitelist,rad10neg,2
GTAGAGATAA,rad14neg,primer,whitelist,incorrect,1
GTTCATCACA,rad14neg,primer,absent,,1
TAAGAAGCAG,rad14neg,primer,whitelist,incorrect,1
TAATTATTCT,rad14neg,primer,whitelist,incorrect,1
TACACTATCT,rad14neg,primer,absent,,1
TACACTATCT,rad14neg,primer,absent,,2
TCTGATAATA,rad14neg,primer,whitelist,incorrect,1
TGAATTACCC,rad14neg,primer,whitelist,incorrect,1
TGAATTACCC,rad14neg,primer,whitelist,incorrect,2
TGTGCTTAAA,rad14neg,primer,whitelist,incorrect,1
TTTGACGCTT,rad14neg,primer,whitelist,incorrect,1
TTTGCTCTCA,rad14neg,primer,whitelist,incorrect,1
